-- MySQL dump 10.13  Distrib 5.5.31, for debian-linux-gnu (i686)
--
-- Host: localhost    Database: tutorial
-- ------------------------------------------------------
-- Server version	5.5.31-0ubuntu0.12.04.1

/*!40101 SET @OLD_CHARACTER_SET_CLIENT=@@CHARACTER_SET_CLIENT */;
/*!40101 SET @OLD_CHARACTER_SET_RESULTS=@@CHARACTER_SET_RESULTS */;
/*!40101 SET @OLD_COLLATION_CONNECTION=@@COLLATION_CONNECTION */;
/*!40101 SET NAMES utf8 */;
/*!40103 SET @OLD_TIME_ZONE=@@TIME_ZONE */;
/*!40103 SET TIME_ZONE='+00:00' */;
/*!40014 SET @OLD_UNIQUE_CHECKS=@@UNIQUE_CHECKS, UNIQUE_CHECKS=0 */;
/*!40014 SET @OLD_FOREIGN_KEY_CHECKS=@@FOREIGN_KEY_CHECKS, FOREIGN_KEY_CHECKS=0 */;
/*!40101 SET @OLD_SQL_MODE=@@SQL_MODE, SQL_MODE='NO_AUTO_VALUE_ON_ZERO' */;
/*!40111 SET @OLD_SQL_NOTES=@@SQL_NOTES, SQL_NOTES=0 */;

--
-- Table structure for table `goal`
--

DROP TABLE IF EXISTS `goal`;
/*!40101 SET @saved_cs_client     = @@character_set_client */;
/*!40101 SET character_set_client = utf8 */;
CREATE TABLE `goal` (
  `id` int(11) NOT NULL,
  `matchID` int(11) NOT NULL,
  `goalMinute` int(11) DEFAULT NULL,
  `goalGetterName` varchar(100) DEFAULT NULL,
  PRIMARY KEY (`id`),
  KEY `matchID` (`matchID`),
  CONSTRAINT `goal_ibfk_1` FOREIGN KEY (`matchID`) REFERENCES `matches` (`id`)
) ENGINE=InnoDB DEFAULT CHARSET=latin1;
/*!40101 SET character_set_client = @saved_cs_client */;

--
-- Dumping data for table `goal`
--

LOCK TABLES `goal` WRITE;
/*!40000 ALTER TABLE `goal` DISABLE KEYS */;
INSERT INTO `goal` VALUES (12829,19702,10,'Reus'),(12839,19702,75,'Gebre Selassie'),(12840,19702,81,'Götze'),(12856,19703,33,'Hanke'),(12857,19709,43,'T. Müller'),(12858,19706,49,'M. Kruse'),(12859,19709,54,'Mandzukic'),(12860,19706,65,'Ivanschitz'),(12861,19703,66,'Firmino'),(12862,19708,68,'Balitsch'),(12863,19707,68,'Schahin'),(12864,19709,78,'Robben'),(12865,19707,79,'Schahin'),(12866,19703,79,'Arango'),(12879,19710,30,'Kießling'),(12898,19710,57,'Aigner'),(12899,19710,82,'Lanig'),(12900,19704,90,'Dost'),(12917,19705,43,'Felipe'),(12921,19705,52,'Huntelaar'),(12922,19705,64,'holtby'),(12923,19705,80,'Nikci'),(13046,19718,67,'Klaus'),(13059,19713,8,'castro'),(13060,19716,31,'Pekhart'),(13061,19712,33,'Papadopoulos'),(13063,19717,39,'Meier'),(13064,19716,40,'Blaszczykowski'),(13065,19717,43,'Schwegler'),(13086,19712,45,'Jones'),(13087,19715,52,'Hunt'),(13088,19713,55,'Wollscheid'),(13089,19715,67,'Petersen'),(13090,19712,72,'Huntelaar'),(13091,19712,79,'Oehrl'),(13092,19717,83,'Meier'),(13093,19717,90,'Lanig'),(13139,19714,10,'Haggui'),(13146,19714,26,'sobiech'),(13147,19714,52,'Andreasen'),(13148,19714,56,'sobiech'),(13152,19711,25,'Harnik'),(13153,19711,21,'T. Müller'),(13154,19711,33,'Kroos'),(13156,19711,43,'Luiz Gustavo'),(13158,19711,47,'Mandzukic'),(13159,19711,49,'T. Müller'),(13160,19711,51,'Schweinsteiger'),(13396,19721,2,'Mandzukic'),(13397,19724,6,'Huszti'),(13398,19724,10,'Andreasen'),(13399,19721,13,'Schweinsteiger'),(13400,19722,17,'Klose'),(13401,19724,26,'Hunt'),(13402,19720,28,'Hummels'),(13403,19722,25,'Simons'),(13404,19720,39,'Blaszczykowski'),(13407,19722,45,'L. de Jong'),(13414,19722,53,'Xhaka'),(13415,19722,55,'Kiyotake'),(13417,19721,59,'Szalai'),(13419,19724,74,'de Bruyne'),(13420,19720,78,'Lewandowski'),(13422,19721,92,'Kroos'),(13423,19724,92,'Huszti'),(13454,19727,48,'Draxler'),(13455,19727,88,'holtby'),(13482,19725,2,'Delpierre'),(13483,19725,17,'Guedé'),(13484,19725,27,'Kruse'),(13486,19725,56,'Vukcevic'),(13487,19725,68,'Diagné'),(13488,19725,76,'Usami'),(13489,19725,83,'Makiadi'),(13490,19725,86,'Freis'),(13492,19728,13,'Inui'),(13493,19728,18,'Occean'),(13494,19728,45,'Westermann'),(13497,19728,52,'Aigner'),(13500,19728,63,'Son'),(13644,19733,25,'Hoffer'),(13648,19733,60,'Inui'),(13655,19733,76,'Polter'),(13684,19736,2,'Son'),(13692,19735,10,'Ivanschitz'),(13693,19735,25,'Szalai'),(13694,19731,27,'Pogatetz'),(13695,19731,42,'Olic'),(13696,19736,46,'Perisic'),(13697,19729,55,'Kroos'),(13698,19736,55,'Ilicevic'),(13699,19729,58,'T. Müller'),(13700,19736,59,'Son'),(13701,19736,60,'Perisic'),(13753,19730,2,'Herrmann'),(13754,19730,12,'Kadlec'),(13759,19732,23,'de Bruyne'),(13760,19734,26,'Rausch'),(13761,19734,27,'Johnson'),(13762,19732,34,'Junuzovic'),(13766,19732,50,'Harnik'),(13767,19732,81,'Cacau'),(13768,19734,82,'Salihovic'),(13769,19734,90,'Williams'),(13803,19739,20,'Farfan'),(13804,19738,24,'Schweinsteiger'),(13805,19746,28,'Reus'),(13806,19745,26,'Fink'),(13807,19746,25,'Piszczek'),(13810,19745,36,'Ilsö'),(13811,19746,50,'Aigner'),(13812,19746,51,'Inui'),(13814,19746,54,'Götze'),(13815,19738,57,'Mandzukic'),(13816,19738,65,'Mandzukic'),(13817,19746,73,'Anderson'),(13818,19739,81,'holtby'),(13819,19739,89,'Pukki'),(13881,19741,5,'Usami'),(13882,19744,7,'Kießling'),(13883,19742,21,'Lars Stindl'),(13884,19740,23,'van der Vaart'),(13885,19742,29,'Huszti'),(13886,19743,36,'Schmid'),(13887,19744,39,'Wollscheid'),(13888,19740,39,'Stranzl'),(13889,19744,44,'Schürrle'),(13890,19740,45,'Rudnevs'),(13896,19743,47,'Akpala'),(13898,19741,47,'Joselu'),(13911,19744,51,'Werner'),(13912,19742,52,'Ya Konan'),(13914,19741,58,'Fabian Johnson'),(13923,19743,59,'Hunt'),(13934,19742,64,'Ya Konan'),(13935,19742,63,'Chandler'),(13956,19740,90,'Dominguez'),(14011,19756,13,'Huntelaar'),(14012,19756,20,'Matip'),(14017,19756,47,'Schahin'),(14018,19756,77,'Schahin'),(14031,19752,1,'Ibisevic'),(14032,19754,20,'Rudnevs'),(14033,19749,50,'Sam'),(14034,19749,62,'Sam'),(14054,19752,75,'Harnik'),(14055,19751,81,'Luiz Gustavo'),(14056,19751,83,'Mandzukic'),(14081,19748,35,'Reus'),(14082,19748,40,'Subotic'),(14087,19748,70,'Reus'),(14108,19748,79,'Gündogan'),(14109,19748,85,'Blaszczykowski'),(14140,19755,50,'M. Kruse'),(14144,19755,68,'Meier'),(14145,19755,73,'Meier'),(14148,19750,27,'Junior Diaz'),(14150,19750,37,'Szalai'),(14273,19764,2,'Werner'),(14274,19764,19,'de Bruyne'),(14275,19764,32,'Hain'),(14283,19764,72,'Baier'),(14314,19765,17,'Son'),(14315,19757,19,'Ribery'),(14316,19758,33,'Farfan'),(14317,19762,36,'Makiadi'),(14330,19758,46,'Afellay'),(14331,19757,47,'Ribery'),(14335,19758,58,'Neustädter'),(14336,19763,84,'Noveski'),(14337,19762,90,'D. Caligiuri'),(14338,19762,90,'Terrazzino'),(14377,19759,9,'Arango'),(14378,19759,24,'Nordtveit'),(14392,19761,26,'Lewandowski'),(14395,19760,12,'Kießling'),(14396,19760,19,'Ibisevic'),(14398,19760,55,'Ibisevic'),(14399,19760,59,'Kießling'),(14431,19761,85,'Diouf'),(14662,19771,8,'Firmino'),(14663,19771,39,'Stieber'),(14664,19771,67,'Joselu'),(14665,19771,84,'Prib'),(14666,19771,89,'Joselu'),(14667,19771,90,'L. Sobiech'),(14690,19773,5,'Matmour'),(14691,19766,14,'Afellay'),(14692,19773,18,'S. Jung'),(14693,19774,28,'Mandzukic'),(14694,19774,36,'Luiz Gustavo'),(14695,19768,40,'D. Caligiuri'),(14696,19767,43,'Kießling'),(14697,19773,43,'Abdellaoue'),(14698,19766,48,'Höger'),(14700,19766,55,'Lewandowski'),(14701,19774,55,'T. Müller'),(14702,19767,58,'Szalai'),(14703,19767,75,'Risse'),(14704,19773,82,'Meier'),(14705,19768,84,'Schuster'),(14706,19774,86,'T. Müller'),(14707,19767,88,'castro'),(14708,19774,88,'Rafinha'),(14735,19769,37,'Petersen'),(14736,19769,45,'Arnautovic'),(14749,19769,76,'Füllkrug'),(14750,19769,86,'Junuzovic'),(14793,19772,30,'Ibisevic'),(14853,20413,13,'Son'),(14854,20413,36,'Rudnevs'),(14899,19782,8,'Edu'),(14901,19780,21,'Szalai'),(14903,19782,44,'Petersen'),(14904,19780,46,'Szalai'),(14905,19783,50,'Dost'),(14906,19783,53,'Olic'),(14907,19779,54,'Subotic'),(14908,19780,64,'Szalai'),(14909,19783,60,'Dost'),(14911,19783,70,'Langeneke'),(14913,19776,77,'Farfan'),(14914,19783,78,'Diego'),(14916,19779,83,'Götze'),(14983,19777,6,'Gentner'),(14984,19777,67,'Meier'),(14987,19777,84,'Ibisevic'),(15003,19775,42,'Kießling'),(15005,19778,48,'Schlaudraff'),(15006,19778,53,'Diouf'),(15007,19778,70,'Dominguez'),(15008,19778,77,'Brouwers'),(15009,19775,77,'Mandzukic'),(15011,19778,79,'Arango'),(15030,19775,86,'Sam'),(15180,19792,1,'Meier'),(15181,19792,53,'Stieber'),(15218,19790,13,'Volland'),(15228,19787,26,'Diouf'),(15230,19790,37,'Neustädter'),(15231,19785,49,'De Camargo'),(15260,19790,67,'Firmino'),(15261,19785,77,'D. Caligiuri'),(15262,19789,76,'Gebhart'),(15263,19790,82,'Uchida'),(15266,19787,85,'Stindl'),(15269,19790,90,'Schipplock'),(15273,19791,40,'Schweinsteiger'),(15274,19791,48,'T. Müller'),(15275,19791,58,'Kroos'),(15297,19786,16,'Sam'),(15299,19786,40,'Rafael'),(15300,19786,41,'Schürrle'),(15301,19786,67,'castro'),(15302,19786,86,'Bodzek'),(15304,19788,10,'Hunt'),(15311,19788,64,'Szalai'),(15312,19788,85,'Hunt'),(15430,19798,12,'N. Müller'),(15431,19798,21,'Ivanschitz'),(15432,19798,40,'Nilsson'),(15448,19801,4,'Kruse'),(15449,19799,8,'Reus'),(15450,19794,16,'Hunt'),(15476,19801,39,'Joselu'),(15478,19793,44,'Ribery'),(15483,19799,54,'Lewandowski'),(15487,19794,59,'Neustädter'),(15489,19799,71,'Lewandowski'),(15490,19794,70,'Draxler'),(15491,19799,82,'Mölders'),(15492,19793,77,'Alaba'),(15561,19796,4,'Diego'),(15562,19796,16,'Diego'),(15563,19796,33,'Dost'),(15567,19796,90,'Kießling'),(15569,19800,10,'Nehrig'),(15570,19795,21,'Gentner'),(15571,19800,22,'Wendt'),(15572,19795,36,'Ibisevic'),(15573,19800,43,'Prib'),(15575,19795,57,'sobiech'),(15576,19800,51,'Stranzl'),(15577,19800,57,'Herrmann'),(15578,19795,65,'Schlaudraff'),(15579,19795,68,'Abdellaoue'),(15580,19795,73,'Abdellaoue'),(15581,19800,92,'Marx'),(15651,19803,7,'Stranzl'),(15652,19807,3,'Mandzukic'),(15653,19802,3,'Lewandowski'),(15654,19802,5,'Stieber'),(15655,19803,8,'Harnik'),(15656,19810,7,'Mölders'),(15657,19805,11,'Schmid'),(15661,19802,15,'Lewandowski'),(15663,19805,33,'Abdellaoue'),(15664,19810,32,'Aigner'),(15665,19802,42,'Götze'),(15666,19810,45,'Koo'),(15667,19807,46,'Feulner'),(15668,19810,52,'Meier'),(15669,19805,56,'Rosenthal'),(15671,19809,63,'Son'),(15672,19810,64,'Mölders'),(15673,19803,72,'Brouwers'),(15674,19810,74,'Meier'),(15723,19804,45,'Schürrle'),(15726,19804,67,'Kießling'),(15769,19806,10,'Langeneke'),(15770,19806,51,'Petersen'),(15771,19806,82,'de Bruyne'),(15772,19808,7,'Hasebe'),(15773,19808,24,'Dost'),(15778,19808,78,'Naldo'),(15787,19808,88,'Derdiyok'),(16100,19819,45,'Kruse'),(16101,19819,63,'Reisinger'),(16115,19811,3,'Martínez'),(16116,19816,4,'Caligiuri'),(16117,19812,11,'Huntelaar'),(16120,19816,11,'Lewandowski'),(16121,19812,13,'Aigner'),(16122,19811,24,'Kroos'),(16123,19813,35,'Arnautovic'),(16124,19811,37,'Ribery'),(16126,19816,43,'Lewandowski'),(16155,19811,64,'Dante'),(16156,19813,64,'Dost'),(16157,19811,67,'Gomez'),(16252,19815,22,'Rosenthal'),(16261,19815,67,'Krmas'),(16262,19815,74,'Kruse'),(16264,19817,5,'Mölders'),(16266,19814,15,'L. Bender'),(16267,19814,38,'Carvajal'),(16271,19814,59,'Johnson'),(16272,19817,85,'Herrmann'),(16344,19823,5,'Diouf'),(16345,19828,18,'Ivanschitz'),(16346,19828,42,'Parker'),(16347,19820,43,'Blaszczykowski'),(16348,19827,52,'Beister'),(16349,19827,65,'Rudnevs'),(16350,19828,52,'Noveski'),(16351,19828,55,'Szalai'),(16352,19823,69,'Eggimann'),(16353,19827,80,'Huntelaar'),(16354,19820,78,'Reisinger'),(16355,19827,90,'Badelj'),(16372,19822,12,'Traore'),(16374,19826,12,'T. Müller'),(16375,19821,11,'Arango'),(16376,19824,31,'castro'),(16377,19821,44,'Jantschke'),(16380,19822,44,'Ja-Cheol Koo'),(16383,19825,6,'Kiyotake'),(16387,19824,52,'castro'),(16389,19824,54,'Petersen'),(16391,19825,33,'Schipplock'),(16393,19822,69,'Ibisevic'),(16395,19825,43,'Nilsson'),(16397,19824,74,'Rolfes'),(16398,19826,79,'Tymoshchuk'),(16399,19824,79,'Hegeler'),(16401,19825,69,'Polter'),(16404,19825,81,'Salihovic'),(16408,19825,86,'Kiyotake'),(16449,19836,38,'Reisinger'),(16450,19836,42,'O. Fink'),(16451,19836,58,'Rafael'),(16452,19836,85,'Bellinghausen'),(16462,19833,10,'N. Müller'),(16463,19834,9,'Werner'),(16464,19833,28,'C. Schulz'),(16465,19834,28,'Schmid'),(16470,19837,37,'Kießling'),(16471,19835,45,'Okazaki'),(16474,19830,62,'De Camargo'),(16478,19830,86,'Draxler'),(16479,19833,89,'Szalai'),(16494,19829,67,'Kroos'),(16495,19829,74,'Götze'),(16526,19832,21,'Prödl'),(16527,19832,29,'Arnautovic'),(16528,19832,50,'Salihovic'),(16529,19832,73,'Arnautovic'),(16531,19832,79,'Arnautovic'),(16534,19831,26,'Beister'),(16535,19831,68,'Kjaer'),(16730,19846,27,'Rudnevs'),(16731,19846,74,'Rudnevs'),(16737,19841,6,'Reus'),(16738,19840,2,'Ibisevic'),(16739,19840,12,'Marica'),(16740,19844,15,'D. Caligiuri'),(16744,19843,24,'Polter'),(16745,19841,36,'Diego'),(16746,19840,38,'Ibisevic'),(16747,19845,39,'T. Müller'),(16748,19841,42,'Naldo'),(16749,19840,61,'Ibisevic'),(16750,19841,61,'Blaszczykowski'),(16751,19845,62,'Gomez'),(16752,19841,72,'Dost'),(16753,19843,90,'Feulner'),(16772,20412,48,'Meier'),(16773,20412,54,'Petersen'),(16774,20412,62,'Schwegler'),(16775,20412,63,'Aigner'),(16776,20412,90,'Inui'),(16830,19842,3,'castro'),(16834,19842,20,'Huszti'),(16838,19839,58,'Hanke'),(16839,19839,63,'Arango'),(16842,19842,57,'Diouf'),(16843,19842,58,'Kießling'),(16844,19842,69,'Huszti'),(16881,19847,21,'Marx'),(16882,19847,59,'Shaqiri'),(16890,19854,10,'Mölders'),(16891,19850,12,'Meier'),(16892,19850,18,'Inui'),(16893,19849,27,'Kießling'),(16894,19849,36,'Schürrle'),(16895,19855,39,'Schahin'),(16896,19853,48,'Harnik'),(16907,19853,54,'N. Müller'),(16908,19849,66,'Kießling'),(16909,19854,69,'L. Sobiech'),(16910,19855,69,'Diouf'),(16911,19853,70,'N. Müller'),(16915,19855,83,'Ilsö'),(16919,19853,90,'Soto'),(16925,19848,20,'Farfan'),(16926,19848,26,'Rosenthal'),(16927,19848,32,'J. Schmid'),(16928,19848,61,'Rosenthal'),(16961,19852,26,'Götze'),(16962,19852,35,'Schipplock'),(16963,19852,58,'Großkreutz'),(16964,19852,66,'Lewandowski'),(16996,19851,82,'Gebhart'),(16997,19851,88,'Petersen'),(17465,19860,44,'Farfan'),(17466,19860,49,'Draxler'),(17467,19860,55,'Pinto'),(17468,19860,59,'Huszti'),(17470,19860,64,'Höger'),(17472,19860,67,'Marica'),(17473,19860,68,'Huszti'),(17474,19860,88,'holtby'),(17475,19860,89,'Diouf'),(17484,19864,26,'Mandzukic'),(17485,19857,31,'Boenisch'),(17486,19857,33,'Kießling'),(17496,19859,52,'Diego'),(17498,19864,61,'Mandzukic'),(17499,19857,58,'Schürrle'),(17500,19859,67,'Madlung'),(17502,19857,78,'Meier'),(17514,19856,9,'Reus'),(17516,19856,19,'Götze'),(17518,19856,48,'Santana'),(17520,19856,81,'Lewandowski'),(17521,19856,85,'Blaszczykowski'),(17551,19863,70,'Rudnevs'),(17552,19863,75,'Pekhart'),(17566,19862,40,'Mölders'),(17567,19862,45,'Ja-Cheol Koo'),(17569,19862,71,'Mölders'),(17570,19862,73,'Reisinger'),(17571,19862,90,'Reisinger'),(17609,19872,18,'Blaszczykowski'),(17610,19872,21,'Blaszczykowski'),(17611,19872,88,'Lewandowski'),(17612,19867,6,'Juanan'),(17613,19867,14,'Herrmann'),(17614,19870,3,'Abdellaoue'),(17616,19873,35,'Lanig'),(17617,19870,38,'Diouf'),(17618,19870,46,'Madlung'),(17619,19867,50,'Schahin'),(17620,19865,53,'Szalai'),(17621,19873,65,'Volland'),(17622,19865,65,'Malli'),(17623,19873,67,'Aigner'),(17624,19865,83,'Szalai'),(17639,19871,9,'Lukimya'),(17640,19871,23,'Son'),(17641,19871,46,'Aogo'),(17642,19871,52,'Rudnevs'),(17643,19871,54,'Sokratis'),(17726,19881,85,'Petersen'),(17727,19881,88,'Petersen'),(17753,19882,4,'M. Kruse'),(17754,19882,10,'Volland'),(17755,19880,10,'Kruse'),(17758,19874,23,'Naldo'),(17759,19874,25,'Moravek'),(17760,19882,27,'Volland'),(17761,19878,41,'T. Müller'),(17762,19880,37,'Kruse'),(17767,19875,47,'Michel Bastos'),(17768,19878,50,'Mandzukic'),(17769,19875,52,'Klaus'),(17771,19878,57,'Mandzukic'),(17772,19880,60,'Gentner'),(17782,19880,76,'Fink'),(17786,19875,90,'Djurdjic'),(17801,19877,22,'Lakic'),(17802,19877,36,'Lakic'),(17818,19879,4,'Simons'),(17820,19879,30,'Pekhart'),(17821,19879,58,'Herrmann'),(17824,19876,3,'Reus'),(17825,19876,9,'Blaszczykowski'),(17838,19876,58,'Reinartz'),(17839,19876,62,'Reinartz'),(17840,19876,69,'Lewandowski'),(17876,19866,50,'Mandzukic'),(17877,19866,72,'T.Müller'),(17908,19885,17,'Lewandowski'),(17909,19883,8,'Diouf'),(17910,19885,18,'Rudnevs'),(17911,19889,23,'Dost'),(17912,19885,26,'Son'),(17913,19890,34,'Ekici'),(17915,19888,44,'Stranzl'),(17918,19890,51,'Traore'),(17919,19888,52,'Sam'),(17920,19888,58,'L. de Jong'),(17921,19888,60,'Kießling'),(17922,19890,60,'Hunt'),(17923,19888,64,'Schürrle'),(17924,19885,62,'Rudnevs'),(17925,19890,74,'Ekici'),(17930,19888,86,'Herrmann'),(17932,19890,90,'de Bruyne'),(17933,19885,88,'Son'),(17957,19886,19,'Alaba'),(17958,19886,32,'Schweinsteiger'),(17961,19886,51,'Alaba'),(17962,19886,63,'Gomez'),(18003,19884,43,'Szalai'),(18004,19884,57,'Mölders'),(18023,19887,87,'Krmas'),(18063,19896,36,'Mandzukic'),(18064,19896,90,'Robben'),(18078,19899,24,'van der Vaart'),(18079,19898,27,'Ivanschitz'),(18080,19893,36,'M. Kruse'),(18081,19898,41,'Michel Bastos'),(18082,19893,39,'N. Petersen'),(18084,19894,26,'Kießling'),(18085,19895,18,'Bellinghausen'),(18087,19893,55,'D. Caligiuri'),(18088,19898,63,'Pospech'),(18089,19893,64,'Petersen'),(18090,19893,70,'Ginter'),(18091,19894,75,'L. Bender'),(18092,19898,82,'Michel Bastos'),(18093,19894,89,'Mölders'),(18094,19897,8,'Reus'),(18096,19897,10,'Reus'),(18113,19897,65,'Reus'),(18128,19892,41,'Huszti'),(18129,19892,53,'Klose'),(18130,19892,68,'Konan'),(18131,19892,90,'Polter'),(18132,19900,3,'Harnik'),(18250,19904,7,'Diouf'),(18251,19909,5,'Zimling'),(18252,19909,15,'Naldo'),(18253,19901,25,'Robben'),(18259,19901,29,'Javi Martinez'),(18267,19904,13,'van der Vaart'),(18268,19904,39,'Huszti'),(18269,19903,45,'Ji'),(18270,19904,45,'Ya Konan'),(18271,19902,51,'Traore'),(18272,19901,48,'Gebre Selassie'),(18273,19901,52,'Gomez'),(18274,19901,48,'de Bruyne'),(18275,19904,68,'Ya Konan'),(18276,19902,77,'Feulner'),(18277,19903,79,'Mölders'),(18278,19901,86,'Ribery'),(18279,19904,85,'Abdellaoue'),(18280,19901,89,'Gomez'),(18281,19903,92,'De Camargo'),(18297,19907,29,'Matip'),(18298,19907,56,'Bellinghausen'),(18299,19907,81,'Matip'),(18309,19906,31,'Götze'),(18314,19906,66,'Younes');
/*!40000 ALTER TABLE `goal` ENABLE KEYS */;
UNLOCK TABLES;

--
-- Table structure for table `location`
--

DROP TABLE IF EXISTS `location`;
/*!40101 SET @saved_cs_client     = @@character_set_client */;
/*!40101 SET character_set_client = utf8 */;
CREATE TABLE `location` (
  `id` int(11) NOT NULL,
  `locationCity` varchar(100) DEFAULT NULL,
  `locationStadium` varchar(100) DEFAULT NULL,
  PRIMARY KEY (`id`)
) ENGINE=InnoDB DEFAULT CHARSET=latin1;
/*!40101 SET character_set_client = @saved_cs_client */;

--
-- Dumping data for table `location`
--

LOCK TABLES `location` WRITE;
/*!40000 ALTER TABLE `location` DISABLE KEYS */;
/*!40000 ALTER TABLE `location` ENABLE KEYS */;
UNLOCK TABLES;

--
-- Table structure for table `matches`
--

DROP TABLE IF EXISTS `matches`;
/*!40101 SET @saved_cs_client     = @@character_set_client */;
/*!40101 SET character_set_client = utf8 */;
CREATE TABLE `matches` (
  `id` int(11) NOT NULL,
  `matchDate` date DEFAULT NULL,
  `homeTeam` int(11) NOT NULL,
  `guestTeam` int(11) NOT NULL,
  `isFinished` int(11) DEFAULT NULL,
  `pointsHome` int(11) DEFAULT NULL,
  `pointGuest` int(11) DEFAULT NULL,
  `numberOfViewers` int(11) DEFAULT NULL,
  PRIMARY KEY (`id`),
  KEY `homeTeam` (`homeTeam`),
  KEY `guestTeam` (`guestTeam`),
  CONSTRAINT `matches_ibfk_1` FOREIGN KEY (`homeTeam`) REFERENCES `team` (`id`),
  CONSTRAINT `matches_ibfk_2` FOREIGN KEY (`guestTeam`) REFERENCES `team` (`id`)
) ENGINE=InnoDB DEFAULT CHARSET=latin1;
/*!40101 SET character_set_client = @saved_cs_client */;

--
-- Dumping data for table `matches`
--

LOCK TABLES `matches` WRITE;
/*!40000 ALTER TABLE `matches` DISABLE KEYS */;
INSERT INTO `matches` VALUES (19702,'2012-09-24',7,134,NULL,NULL,NULL,0),(19703,'2012-09-25',87,123,NULL,NULL,NULL,0),(19704,'2012-09-25',16,131,NULL,NULL,NULL,0),(19705,'2012-09-26',55,9,NULL,NULL,NULL,0),(19706,'2012-09-25',112,81,NULL,NULL,NULL,0),(19707,'2012-09-25',95,185,NULL,NULL,NULL,0),(19708,'2012-09-25',100,79,NULL,NULL,NULL,0),(19709,'2012-09-25',115,40,NULL,NULL,NULL,0),(19710,'2012-09-25',91,6,NULL,NULL,NULL,0),(19711,'2012-10-02',40,16,NULL,NULL,NULL,0),(19712,'2012-10-01',9,95,NULL,NULL,NULL,0),(19713,'2012-10-01',6,112,NULL,NULL,NULL,0),(19714,'2012-10-02',131,55,NULL,NULL,NULL,27000),(19715,'2012-10-01',134,100,NULL,NULL,NULL,0),(19716,'2012-10-01',79,7,NULL,NULL,NULL,0),(19717,'2012-10-01',123,91,NULL,NULL,NULL,0),(19718,'2012-10-01',81,115,NULL,NULL,NULL,20000),(19719,'2012-10-01',185,87,NULL,NULL,NULL,30000),(19720,'2012-10-15',7,6,NULL,NULL,NULL,0),(19721,'2012-10-15',40,81,NULL,NULL,NULL,0),(19722,'2012-10-15',87,79,NULL,NULL,NULL,0),(19723,'2012-10-15',16,185,NULL,NULL,NULL,0),(19724,'2012-10-15',55,134,NULL,NULL,NULL,0),(19725,'2012-10-16',112,123,NULL,NULL,NULL,0),(19726,'2012-10-14',95,131,NULL,NULL,NULL,28512),(19727,'2012-10-15',115,9,NULL,NULL,NULL,18000),(19728,'2012-10-16',91,100,NULL,NULL,NULL,50000),(19729,'2012-10-22',9,40,NULL,NULL,NULL,61673),(19730,'2012-10-23',6,87,NULL,NULL,NULL,27640),(19731,'2012-10-22',131,115,NULL,NULL,NULL,25225),(19732,'2012-10-23',134,16,NULL,NULL,NULL,40172),(19733,'2012-10-21',79,91,NULL,NULL,NULL,45033),(19734,'2012-10-23',123,55,NULL,NULL,NULL,23575),(19735,'2012-10-22',81,95,NULL,NULL,NULL,28463),(19736,'2012-10-22',100,7,NULL,NULL,NULL,57000),(19737,'2012-10-22',185,112,NULL,NULL,NULL,26862),(19738,'2012-10-25',40,131,NULL,NULL,NULL,0),(19739,'2012-10-25',9,81,NULL,NULL,NULL,0),(19740,'2012-10-26',87,100,NULL,NULL,NULL,50000),(19741,'2012-10-26',16,123,NULL,NULL,NULL,40000),(19742,'2012-10-26',55,79,NULL,NULL,NULL,38000),(19743,'2012-10-26',112,134,NULL,NULL,NULL,21000),(19744,'2012-10-26',95,6,NULL,NULL,NULL,25000),(19745,'2012-10-25',115,185,NULL,NULL,NULL,0),(19746,'2012-10-25',91,7,NULL,NULL,NULL,0),(19748,'2012-10-29',7,87,NULL,NULL,NULL,80645),(19749,'2012-10-29',6,115,NULL,NULL,NULL,25798),(19750,'2012-10-30',131,81,NULL,NULL,NULL,0),(19751,'2012-10-29',134,40,NULL,NULL,NULL,42100),(19752,'2012-10-29',79,16,NULL,NULL,NULL,43018),(19753,'2012-10-29',123,95,NULL,NULL,NULL,22000),(19754,'2012-10-29',100,55,NULL,NULL,NULL,57000),(19755,'2012-10-30',91,112,NULL,NULL,NULL,0),(19756,'2012-10-28',185,9,NULL,NULL,NULL,54600),(19757,'2012-11-06',40,123,NULL,NULL,NULL,71000),(19758,'2012-11-06',9,131,NULL,NULL,NULL,0),(19759,'2012-11-07',87,91,NULL,NULL,NULL,51193),(19760,'2012-11-07',16,6,NULL,NULL,NULL,47400),(19761,'2012-11-07',55,7,NULL,NULL,NULL,49000),(19762,'2012-11-06',112,79,NULL,NULL,NULL,0),(19763,'2012-11-06',81,185,NULL,NULL,NULL,0),(19764,'2012-11-05',95,134,NULL,NULL,NULL,0),(19765,'2012-11-06',115,100,NULL,NULL,NULL,0),(19766,'2012-11-20',7,9,NULL,NULL,NULL,0),(19767,'2012-11-20',6,81,NULL,NULL,NULL,0),(19768,'2012-11-20',131,112,NULL,NULL,NULL,0),(19769,'2012-11-20',134,87,NULL,NULL,NULL,0),(19770,'2012-11-21',79,95,NULL,NULL,NULL,40171),(19771,'2012-11-19',123,115,NULL,NULL,NULL,22150),(19772,'2012-11-21',100,16,NULL,NULL,NULL,53121),(19773,'2012-11-20',91,55,NULL,NULL,NULL,0),(19774,'2012-11-20',185,40,NULL,NULL,NULL,0),(19775,'2012-11-28',40,6,NULL,NULL,NULL,71000),(19776,'2012-11-27',9,79,NULL,NULL,NULL,61000),(19777,'2012-11-28',16,91,NULL,NULL,NULL,54840),(19778,'2012-11-28',55,87,NULL,NULL,NULL,49000),(19779,'2012-11-27',112,7,NULL,NULL,NULL,24000),(19780,'2012-11-27',81,123,NULL,NULL,NULL,28067),(19782,'2012-11-27',115,134,NULL,NULL,NULL,18000),(19783,'2012-11-27',185,131,NULL,NULL,NULL,47000),(19784,'2012-12-03',7,16,NULL,NULL,NULL,0),(19785,'2012-12-03',87,112,NULL,NULL,NULL,0),(19786,'2012-12-04',6,185,NULL,NULL,NULL,28000),(19787,'2012-12-03',55,95,NULL,NULL,NULL,0),(19788,'2012-12-04',134,81,NULL,NULL,NULL,39114),(19789,'2012-12-03',79,131,NULL,NULL,NULL,37586),(19790,'2012-12-03',123,9,NULL,NULL,NULL,0),(19791,'2012-12-03',100,40,NULL,NULL,NULL,0),(19792,'2012-12-02',91,115,NULL,NULL,NULL,45000),(19793,'2012-12-10',40,91,NULL,NULL,NULL,71000),(19794,'2012-12-10',9,134,NULL,NULL,NULL,61673),(19795,'2012-12-11',16,55,NULL,NULL,NULL,50000),(19796,'2012-12-11',131,6,NULL,NULL,NULL,25000),(19797,'2012-12-10',112,100,NULL,NULL,NULL,24000),(19798,'2012-12-09',81,79,NULL,NULL,NULL,31390),(19799,'2012-12-10',95,7,NULL,NULL,NULL,30660),(19800,'2012-12-11',115,87,NULL,NULL,NULL,18000),(19801,'2012-12-10',185,123,NULL,NULL,NULL,41200),(19802,'2012-12-17',7,115,NULL,NULL,NULL,80645),(19803,'2012-12-17',87,16,NULL,NULL,NULL,50000),(19804,'2012-12-17',6,9,NULL,NULL,NULL,30000),(19805,'2012-12-17',55,112,NULL,NULL,NULL,44000),(19806,'2012-12-18',134,185,NULL,NULL,NULL,0),(19807,'2012-12-17',79,40,NULL,NULL,NULL,50000),(19808,'2012-12-18',123,131,NULL,NULL,NULL,0),(19809,'2012-12-17',100,81,NULL,NULL,NULL,53000),(19810,'2012-12-17',91,95,NULL,NULL,NULL,48000),(19811,'2012-12-24',40,55,NULL,NULL,NULL,71000),(19812,'2012-12-24',9,91,NULL,NULL,NULL,61673),(19813,'2012-12-24',131,134,NULL,NULL,NULL,29723),(19814,'2012-12-25',123,6,NULL,NULL,NULL,22100),(19815,'2012-12-25',112,16,NULL,NULL,NULL,24000),(19816,'2012-12-24',81,7,NULL,NULL,NULL,34000),(19817,'2012-12-25',95,87,NULL,NULL,NULL,30045),(19818,'2012-12-24',115,79,NULL,NULL,NULL,18000),(19819,'2012-12-23',185,100,NULL,NULL,NULL,54000),(19820,'2012-12-27',7,185,NULL,NULL,NULL,80000),(19821,'2012-12-28',87,131,NULL,NULL,NULL,39000),(19822,'2012-12-28',16,95,NULL,NULL,NULL,40000),(19823,'2012-12-27',55,115,NULL,NULL,NULL,40000),(19824,'2012-12-28',134,6,NULL,NULL,NULL,37000),(19825,'2012-12-28',79,123,NULL,NULL,NULL,30397),(19826,'2012-12-28',112,40,NULL,NULL,NULL,24000),(19827,'2012-12-27',100,9,NULL,NULL,NULL,52000),(19828,'2012-12-27',91,81,NULL,NULL,NULL,49000),(19829,'2013-01-01',40,7,NULL,NULL,NULL,71000),(19830,'2013-01-01',9,87,NULL,NULL,NULL,61700),(19831,'2013-01-02',131,100,NULL,NULL,NULL,28100),(19832,'2013-01-02',123,134,NULL,NULL,NULL,23500),(19833,'2013-01-01',81,55,NULL,NULL,NULL,28300),(19834,'2013-01-01',95,112,NULL,NULL,NULL,27100),(19835,'2013-01-01',115,16,NULL,NULL,NULL,17400),(19836,'2012-12-30',185,91,NULL,NULL,NULL,51300),(19837,'2013-01-01',6,79,NULL,NULL,NULL,29300),(19839,'2013-01-09',87,81,NULL,NULL,NULL,46600),(19840,'2013-01-08',16,9,NULL,NULL,NULL,55900),(19841,'2013-01-08',7,131,NULL,NULL,NULL,80700),(19842,'2013-01-09',55,6,NULL,NULL,NULL,45000),(19843,'2013-01-08',79,185,NULL,NULL,NULL,40000),(19844,'2013-01-08',112,115,NULL,NULL,NULL,22600),(19845,'2013-01-08',95,40,NULL,NULL,NULL,30700),(19846,'2013-01-07',100,123,NULL,NULL,NULL,48100),(19847,'2013-01-14',40,87,NULL,NULL,NULL,71000),(19848,'2013-01-15',9,112,NULL,NULL,NULL,60600),(19849,'2013-01-15',6,100,NULL,NULL,NULL,29500),(19850,'2013-01-15',131,91,NULL,NULL,NULL,26500),(19851,'2013-01-16',134,79,NULL,NULL,NULL,38000),(19852,'2013-01-16',123,7,NULL,NULL,NULL,30200),(19853,'2013-01-15',81,16,NULL,NULL,NULL,31400),(19854,'2013-01-15',115,95,NULL,NULL,NULL,16300),(19855,'2013-01-15',185,55,NULL,NULL,NULL,47600),(19856,'2013-02-19',134,7,NULL,NULL,NULL,42100),(19857,'2013-02-19',6,91,NULL,NULL,NULL,28000),(19858,'2013-02-19',123,87,NULL,NULL,NULL,26750),(19859,'2013-02-19',131,16,NULL,NULL,NULL,20000),(19860,'2013-02-18',9,55,NULL,NULL,NULL,61673),(19861,'2013-02-19',81,112,NULL,NULL,NULL,20000),(19862,'2013-02-20',185,95,NULL,NULL,NULL,40000),(19863,'2013-02-20',79,100,NULL,NULL,NULL,42601),(19864,'2013-02-19',40,115,NULL,NULL,NULL,71000),(19865,'2013-02-26',115,81,NULL,NULL,NULL,0),(19866,'2013-02-27',16,40,NULL,NULL,NULL,60441),(19867,'2013-02-26',87,185,NULL,NULL,NULL,0),(19868,'2013-02-26',95,9,NULL,NULL,NULL,0),(19869,'2013-02-26',112,6,NULL,NULL,NULL,0),(19870,'2013-02-26',55,131,NULL,NULL,NULL,0),(19871,'2013-02-27',100,134,NULL,NULL,NULL,55000),(19872,'2013-02-25',7,79,NULL,NULL,NULL,0),(19873,'2013-02-26',91,123,NULL,NULL,NULL,0),(19874,'2013-03-02',131,95,NULL,NULL,NULL,22257),(19875,'2013-03-02',9,115,NULL,NULL,NULL,60693),(19876,'2013-03-03',6,7,NULL,NULL,NULL,30210),(19877,'2013-03-02',100,91,NULL,NULL,NULL,52523),(19878,'2013-03-02',81,40,NULL,NULL,NULL,34034),(19879,'2013-03-03',79,87,NULL,NULL,NULL,37793),(19880,'2013-03-02',185,16,NULL,NULL,NULL,44153),(19881,'2013-03-01',134,55,NULL,NULL,NULL,41600),(19882,'2013-03-02',123,112,NULL,NULL,NULL,28000),(19883,'2013-03-09',55,123,NULL,NULL,NULL,35200),(19884,'2013-03-10',95,81,NULL,NULL,NULL,0),(19885,'2013-03-09',7,100,NULL,NULL,NULL,80100),(19886,'2013-03-09',40,9,NULL,NULL,NULL,71000),(19887,'2013-03-10',112,185,NULL,NULL,NULL,0),(19888,'2013-03-09',87,6,NULL,NULL,NULL,45000),(19889,'2013-03-09',115,131,NULL,NULL,NULL,15045),(19890,'2013-03-09',16,134,NULL,NULL,NULL,37000),(19891,'2013-03-09',91,79,NULL,NULL,NULL,40000),(19892,'2013-03-17',79,55,NULL,NULL,NULL,36101),(19893,'2013-03-16',134,112,NULL,NULL,NULL,38498),(19894,'2013-03-16',6,95,NULL,NULL,NULL,22784),(19895,'2013-03-16',185,115,NULL,NULL,NULL,37378),(19896,'2013-03-15',131,40,NULL,NULL,NULL,30000),(19897,'2013-03-16',7,91,NULL,NULL,NULL,80500),(19898,'2013-03-16',81,9,NULL,NULL,NULL,34000),(19899,'2013-03-16',100,87,NULL,NULL,NULL,54000),(19900,'2013-03-17',123,16,NULL,NULL,NULL,28750),(19901,'2013-03-23',40,134,NULL,NULL,NULL,71000),(19902,'2013-03-23',16,79,NULL,NULL,NULL,45000),(19903,'2013-03-23',95,123,NULL,NULL,NULL,28000),(19904,'2013-03-23',55,100,NULL,NULL,NULL,49000),(19905,'2013-03-22',112,91,NULL,NULL,NULL,0),(19906,'2013-03-24',87,7,NULL,NULL,NULL,54010),(19907,'2013-03-23',9,185,NULL,NULL,NULL,0),(19908,'2013-03-24',115,6,NULL,NULL,NULL,0),(19909,'2013-03-23',81,131,NULL,NULL,NULL,28000),(19910,'2013-04-02',7,55,NULL,NULL,NULL,0),(19911,'2013-04-02',6,16,NULL,NULL,NULL,0),(19912,'2013-04-02',131,9,NULL,NULL,NULL,0),(19913,'2013-04-02',134,95,NULL,NULL,NULL,0),(20157,'2013-04-01',91,87,NULL,NULL,NULL,0),(20158,'2013-04-02',79,112,NULL,NULL,NULL,0),(20159,'2013-04-03',185,81,NULL,NULL,NULL,0),(20160,'2013-04-03',123,40,NULL,NULL,NULL,0),(20161,'2013-04-02',100,115,NULL,NULL,NULL,0),(20162,'2013-04-09',81,6,NULL,NULL,NULL,0),(20163,'2013-04-09',112,131,NULL,NULL,NULL,0),(20164,'2013-04-09',87,134,NULL,NULL,NULL,0),(20165,'2013-04-08',95,79,NULL,NULL,NULL,0),(20166,'2013-04-09',115,123,NULL,NULL,NULL,0),(20167,'2013-04-10',16,100,NULL,NULL,NULL,0),(20168,'2013-04-10',55,91,NULL,NULL,NULL,0),(20169,'2013-04-09',9,7,NULL,NULL,NULL,0),(20170,'2013-04-09',40,185,NULL,NULL,NULL,0),(20171,'2013-04-16',6,40,NULL,NULL,NULL,0),(20172,'2013-04-15',131,185,NULL,NULL,NULL,0),(20173,'2013-04-16',79,9,NULL,NULL,NULL,0),(20174,'2013-04-17',91,16,NULL,NULL,NULL,0),(20175,'2013-04-17',87,55,NULL,NULL,NULL,0),(20176,'2013-04-16',7,112,NULL,NULL,NULL,0),(20177,'2013-04-16',123,81,NULL,NULL,NULL,0),(20178,'2013-04-16',100,95,NULL,NULL,NULL,0),(20179,'2013-04-16',134,115,NULL,NULL,NULL,0),(20180,'2013-04-30',40,100,NULL,NULL,NULL,0),(20181,'2013-04-30',16,7,NULL,NULL,NULL,0),(20182,'2013-05-01',115,91,NULL,NULL,NULL,0),(20183,'2013-04-30',112,87,NULL,NULL,NULL,0),(20184,'2013-04-30',185,6,NULL,NULL,NULL,0),(20185,'2013-04-30',95,55,NULL,NULL,NULL,0),(20186,'2013-04-30',81,134,NULL,NULL,NULL,0),(20187,'2013-05-01',131,79,NULL,NULL,NULL,0),(20188,'2013-04-30',9,123,NULL,NULL,NULL,0),(20189,'2013-05-06',7,95,NULL,NULL,NULL,0),(20190,'2013-05-06',87,115,NULL,NULL,NULL,0),(20191,'2013-05-06',91,40,NULL,NULL,NULL,0),(20192,'2013-05-06',123,185,NULL,NULL,NULL,0),(20193,'2013-05-06',134,9,NULL,NULL,NULL,0),(20194,'2013-05-06',55,16,NULL,NULL,NULL,0),(20195,'2013-05-06',6,131,NULL,NULL,NULL,0),(20196,'2013-05-06',100,112,NULL,NULL,NULL,0),(20197,'2013-05-06',79,81,NULL,NULL,NULL,0),(20198,'2013-05-13',40,79,NULL,NULL,NULL,0),(20199,'2013-05-13',131,123,NULL,NULL,NULL,0),(20200,'2013-05-13',81,100,NULL,NULL,NULL,0),(20201,'2013-05-13',115,7,NULL,NULL,NULL,0),(20202,'2013-05-13',95,91,NULL,NULL,NULL,0),(20203,'2013-05-13',16,87,NULL,NULL,NULL,0),(20204,'2013-05-13',9,6,NULL,NULL,NULL,0),(20205,'2013-05-13',112,55,NULL,NULL,NULL,0),(20206,'2013-05-13',185,134,NULL,NULL,NULL,0),(20207,'2013-05-20',16,112,NULL,NULL,NULL,0),(20208,'2013-05-20',7,81,NULL,NULL,NULL,0),(20209,'2013-05-20',87,95,NULL,NULL,NULL,0),(20210,'2013-05-20',79,115,NULL,NULL,NULL,0),(20211,'2013-05-20',55,40,NULL,NULL,NULL,0),(20212,'2013-05-20',100,185,NULL,NULL,NULL,0),(20213,'2013-05-20',91,9,NULL,NULL,NULL,0),(20214,'2013-05-20',134,131,NULL,NULL,NULL,0),(20215,'2013-05-20',6,123,NULL,NULL,NULL,0),(20216,'2013-05-27',115,55,NULL,NULL,NULL,0),(20217,'2013-05-27',6,134,NULL,NULL,NULL,0),(20218,'2013-05-27',123,79,NULL,NULL,NULL,0),(20219,'2013-05-27',40,112,NULL,NULL,NULL,0),(20220,'2013-05-27',9,100,NULL,NULL,NULL,0),(20221,'2013-05-27',185,7,NULL,NULL,NULL,0),(20222,'2013-05-27',81,91,NULL,NULL,NULL,0),(20223,'2013-05-27',131,87,NULL,NULL,NULL,0),(20224,'2013-05-27',95,16,NULL,NULL,NULL,0),(20225,'2013-06-04',79,6,NULL,NULL,NULL,0),(20226,'2013-06-04',100,131,NULL,NULL,NULL,0),(20227,'2013-06-04',134,123,NULL,NULL,NULL,0),(20228,'2013-06-04',55,81,NULL,NULL,NULL,0),(20229,'2013-06-04',112,95,NULL,NULL,NULL,0),(20230,'2013-06-04',16,115,NULL,NULL,NULL,0),(20231,'2013-06-04',7,40,NULL,NULL,NULL,0),(20232,'2013-06-04',91,185,NULL,NULL,NULL,0),(20233,'2013-06-04',87,9,NULL,NULL,NULL,0),(20234,'2013-06-11',81,87,NULL,NULL,NULL,0),(20235,'2013-06-11',9,16,NULL,NULL,NULL,0),(20236,'2013-06-11',6,55,NULL,NULL,NULL,0),(20237,'2013-06-11',185,79,NULL,NULL,NULL,0),(20238,'2013-06-11',115,112,NULL,NULL,NULL,0),(20239,'2013-06-11',40,95,NULL,NULL,NULL,0),(20240,'2013-06-11',123,100,NULL,NULL,NULL,0),(20241,'2013-06-11',131,7,NULL,NULL,NULL,0),(20242,'2013-06-11',134,91,NULL,NULL,NULL,0),(20243,'2013-06-18',87,40,NULL,NULL,NULL,0),(20244,'2013-06-18',55,185,NULL,NULL,NULL,0),(20245,'2013-06-18',112,9,NULL,NULL,NULL,0),(20246,'2013-06-18',100,6,NULL,NULL,NULL,0),(20247,'2013-06-18',91,131,NULL,NULL,NULL,0),(20248,'2013-06-18',79,134,NULL,NULL,NULL,0),(20249,'2013-06-18',7,123,NULL,NULL,NULL,0),(20250,'2013-06-18',16,81,NULL,NULL,NULL,0),(20251,'2013-06-18',95,115,NULL,NULL,NULL,0),(20412,'2013-01-08',91,134,NULL,NULL,NULL,51500),(20413,'2012-11-26',95,100,NULL,NULL,NULL,30660);
/*!40000 ALTER TABLE `matches` ENABLE KEYS */;
UNLOCK TABLES;

--
-- Table structure for table `player`
--

DROP TABLE IF EXISTS `player`;
/*!40101 SET @saved_cs_client     = @@character_set_client */;
/*!40101 SET character_set_client = utf8 */;
CREATE TABLE `player` (
  `id` int(11) NOT NULL AUTO_INCREMENT,
  `firstName` varchar(50) DEFAULT NULL,
  `lastName` varchar(50) DEFAULT NULL,
  `teamID` int(11) NOT NULL,
  PRIMARY KEY (`id`),
  KEY `teamID` (`teamID`),
  CONSTRAINT `player_ibfk_1` FOREIGN KEY (`teamID`) REFERENCES `team` (`id`)
) ENGINE=InnoDB AUTO_INCREMENT=535 DEFAULT CHARSET=latin1;
/*!40101 SET character_set_client = @saved_cs_client */;

--
-- Dumping data for table `player`
--

LOCK TABLES `player` WRITE;
/*!40000 ALTER TABLE `player` DISABLE KEYS */;
INSERT INTO `player` VALUES (1,NULL,'Jaroslav Drobny',100),(2,NULL,'Rene Adler',100),(3,NULL,'Sven Neuhaus',100),(4,NULL,'Dennis Diekmeier',100),(5,NULL,'Michael Mancienne',100),(6,NULL,'Heiko Westermann',100),(7,NULL,'Jeffrey Bruma',100),(8,NULL,'Marcell Jansen',100),(9,NULL,'Zhi Gin Lam',100),(10,NULL,'Slobodan Rajkovic',100),(11,NULL,'Janek Sternberg',100),(12,NULL,'Dennis Aogo',100),(13,NULL,'Tomas Rincon',100),(14,NULL,'Milan Badelj',100),(15,NULL,'Ivo Ilicevic',100),(16,NULL,'Tolgay Arslan',100),(17,NULL,'Petr Jiracek',100),(18,NULL,'Jacopo Sala',100),(19,NULL,'Rafael van der Vaart',100),(20,NULL,'Per Skjelbred',100),(21,NULL,'Christian Nörgaard',100),(22,NULL,'Gojko Kacar',100),(23,NULL,'Artjoms Rudnevs',100),(24,NULL,'Marcus Berg',100),(25,NULL,'Maximilian Beister',100),(26,NULL,'Heung Min Son',100),(27,NULL,'Ralf Fährmann',9),(28,NULL,'Timo Hildebrand',9),(29,NULL,'Lars Unnerstall',9),(30,NULL,'Benedikt Höwedes',9),(31,NULL,'Kyriakos Papadopoulos',9),(32,NULL,'Christoph Metzelder',9),(33,NULL,'Joel Matip',9),(34,NULL,'Sead Kolasinac',9),(35,NULL,'Christian Fuchs',9),(36,NULL,'Atsuto Uchida',9),(37,NULL,'Marco Höger',9),(38,NULL,'Jermaine Jones',9),(39,NULL,'Christoph Moritz',9),(40,NULL,'Roman Neustädter',9),(41,NULL,'Raffael',9),(42,NULL,'Max Meyer',9),(43,NULL,'Michel Bastos',9),(44,NULL,'Ibrahim Afellay',9),(45,NULL,'Tranquillo Barnetta',9),(46,NULL,'René Klingenburg',9),(47,NULL,'Julian Draxler',9),(48,NULL,'Jefferson Farfán',9),(49,NULL,'Chinedu Obasi',9),(50,NULL,'Ciprian Marica',9),(51,NULL,'Edú',9),(52,NULL,'Teemu Pukki',9),(53,NULL,'Klaas-Jan Huntelaar',9),(54,NULL,'Roman Weidenfeller',7),(55,NULL,'Mitchell Langerak',7),(56,NULL,'Zlatan Alomerovic',7),(57,NULL,'Neven Subotic',7),(58,NULL,'Mats Hummels',7),(59,NULL,'Felipe Santana',7),(60,NULL,'Koray Günter',7),(61,NULL,'Marcel Schmelzer',7),(62,NULL,'Marc Hornschuh',7),(63,NULL,'Oliver Kirch',7),(64,NULL,'Patrick Owomoyela',7),(65,NULL,'Lukasz Piszczek',7),(66,NULL,'Sebastian Kehl',7),(67,NULL,'Sven Bender',7),(68,NULL,'Marvin Bakalorz',7),(69,NULL,'Moritz Leitner',7),(70,NULL,'Ilkay Gündogan',7),(71,NULL,'Nuri Sahin',7),(72,NULL,'Mario Götze',7),(73,NULL,'Marco Reus',7),(74,NULL,'Mustafa Amini',7),(75,NULL,'Leonardo Bittencourt',7),(76,NULL,'Kevin Großkreutz',7),(77,NULL,'Jakub Blaszczykowski',7),(78,NULL,'Jonas Hofmann',7),(79,NULL,'Robert Lewandowski',7),(80,NULL,'Julian Schieber',7),(81,NULL,'Bálint Bajner',7),(82,NULL,'Leno, Bernd',6),(83,NULL,'Yelldell, David',6),(84,NULL,'Rensing, Michael',6),(85,NULL,'Lomb, Niklas',6),(86,NULL,'Wollscheid, Philipp',6),(87,NULL,'Friedrich, Manuel',6),(88,NULL,'Toprak, Ömer',6),(89,NULL,'Boenisch, Sebastian',6),(90,NULL,'Kadlec, Michal',6),(91,NULL,'Schwaab, Daniel',6),(92,NULL,'Carvajal, Daniel',6),(93,NULL,'Reinartz, Stefan',6),(94,NULL,'Rolfes, Simon',6),(95,NULL,'Bender, Lars',6),(96,NULL,'Hosogai, Hajime',6),(97,NULL,'Kohr, Dominik',6),(98,NULL,'Hegeler, Jens',6),(99,NULL,'Zenga, Erik',6),(100,NULL,'Pusch, Kolja',6),(101,NULL,'Castro, Gonzalo',6),(102,NULL,'Aydin, Okan',6),(103,NULL,'Sam, Sidney',6),(104,NULL,'Bellarabi, Karim',6),(105,NULL,'Schürrle, André',6),(106,NULL,'Fernándes, Junior',6),(107,NULL,'Kießling, Stefan',6),(108,NULL,'Milik, Arkadiusz',6),(109,NULL,'Steffen, Tobias',6),(110,NULL,'Manuel Neuer',40),(111,NULL,'Lukas Raeder',40),(112,NULL,'Maximilian Riedmüller',40),(113,NULL,'Tom Starke',40),(114,NULL,'David Alaba',40),(115,NULL,'Holger Badstuber',40),(116,NULL,'Jérôme Boateng',40),(117,NULL,'Diego Contento',40),(118,NULL,'Dante',40),(119,NULL,'Philipp Lahm',40),(120,NULL,'Rafinha',40),(121,NULL,'Daniel Van Buyten',40),(122,NULL,'Emre Can',40),(123,NULL,'Javi Martinez',40),(124,NULL,'Toni Kroos',40),(125,NULL,'Luiz Gustavo',40),(126,NULL,'Franck Ribéry',40),(127,NULL,'Bastian Schweinsteiger',40),(128,NULL,'Xherdan Shaqiri',40),(129,NULL,'Anatoliy Tymoshchuk',40),(130,NULL,'Mario Gómez',40),(131,NULL,'Mario Mandžuki?',40),(132,NULL,'Thomas Müller',40),(133,NULL,'Claudio Pizarro',40),(134,NULL,'Arjen Robben',40),(135,NULL,'Patrick Weihrauch',40),(136,NULL,'Diego Benaglio',131),(137,NULL,'Patrick Drewes',131),(138,NULL,'Marwin Hitz',131),(139,NULL,'Marius Sauss',131),(140,NULL,'Fágner',131),(141,NULL,'Simon Kjær',131),(142,NULL,'Robin Knoche',131),(143,NULL,'Sotirios Kyrgiakos',131),(144,NULL,'Alexander Madlung',131),(145,NULL,'Naldo',131),(146,NULL,'Ricardo Rodríguez',131),(147,NULL,'Marcel Schäfer',131),(148,NULL,'Maximilian Arnold',131),(149,NULL,'Diego',131),(150,NULL,'Ferhan Hasani',131),(151,NULL,'Makoto Hasebe',131),(152,NULL,'Josué',131),(153,NULL,'Thomas Kahlenberg',131),(154,NULL,'Slobodan Medojevi?',131),(155,NULL,'Yohandry Orozco',131),(156,NULL,'Kevin Pannewitz',131),(157,NULL,'Ivan Periši?',131),(158,NULL,'Jan Polák',131),(159,NULL,'Christian Träsch',131),(160,NULL,'Bas Dost',131),(161,NULL,'Patrick Helmes',131),(162,NULL,'Ivica Oli?',131),(163,NULL,'Václav Pila?',131),(164,NULL,'Vieirinha',131),(165,NULL,'Sven Ulreich',16),(166,NULL,'André Weis',16),(167,NULL,'Marc Ziegler',16),(168,NULL,'Arthur Boka',16),(169,NULL,'Felipe',16),(170,NULL,'Tim Hoogland',16),(171,NULL,'Cristian Molinaro',16),(172,NULL,'Georg Niedermeier',16),(173,NULL,'Benedikt Röcker',16),(174,NULL,'Antonio Rüdiger',16),(175,NULL,'G?toku Sakai',16),(176,NULL,'Serdar Ta?ç?',16),(177,NULL,'Johan Audel',16),(178,NULL,'Mamadou Bah',16),(179,NULL,'Daniel Didavi',16),(180,NULL,'Christian Gentner',16),(181,NULL,'Tamás Hajnal',16),(182,NULL,'Raphael Holzhauser',16),(183,NULL,'Rani Khedira',16),(184,NULL,'William Kvist',16),(185,NULL,'Alexandru Maxim',16),(186,NULL,'Kevin Stöger',16),(187,NULL,'Ibrahima Traoré',16),(188,NULL,'Soufian Benyamina',16),(189,NULL,'Cacau',16),(190,NULL,'Martin Harnik',16),(191,NULL,'Christoph Hemlein',16),(192,NULL,'Vedad Ibiševi?',16),(193,NULL,'Federico Macheda',16),(194,NULL,'Shinji Okazaki',16),(195,NULL,'Tunay Torun',16),(196,NULL,'Sebastian Mielitz',134),(197,NULL,'Raphael Wolf',134),(198,NULL,'Richard Strebinger',134),(199,NULL,'Christian Vander',134),(200,NULL,'Mateo Pavlovic',134),(201,NULL,'Assani Lukimya',134),(202,NULL,'Lukas Schmitz',134),(203,NULL,'Sebastian Prödl',134),(204,NULL,'Sokratis',134),(205,NULL,'Theodor Gebre Selassie',134),(206,NULL,'Florian Hartherz',134),(207,NULL,'Cimo Röcker',134),(208,NULL,'Kevin De Bruyne',134),(209,NULL,'Clemens Fritz',134),(210,NULL,'Mehmet Ekici',134),(211,NULL,'Eljero Elia',134),(212,NULL,'Aaron Hunt',134),(213,NULL,'Zlatko Junuzovic',134),(214,NULL,'Aleksandar Ignjovski',134),(215,NULL,'Felix Kroos',134),(216,NULL,'Tom Trybull',134),(217,NULL,'Levent Aycicek',134),(218,NULL,'Predrag Stevanovic',134),(219,NULL,'Özkan Yildirim',134),(220,NULL,'Aleksandar Stevanovic',134),(221,NULL,'Philipp Bargfrede',134),(222,NULL,'Marko Arnautovic',134),(223,NULL,'Joseph Akpala',134),(224,NULL,'Nils Petersen',134),(225,NULL,'Johannes Wurtz',134),(226,NULL,'Niclas Füllkrug',134),(227,NULL,'Janis Blaswich',87),(228,NULL,'Niklas Bolten',87),(229,NULL,'Christofer Heimeroth',87),(230,NULL,'Marc-André ter Stegen',87),(231,NULL,'Roel Brouwers',87),(232,NULL,'Filip Daems',87),(233,NULL,'Niklas Dams',87),(234,NULL,'Domínguez',87),(235,NULL,'Tony Jantschke',87),(236,NULL,'Martin Stranzl',87),(237,NULL,'Oscar Wendt',87),(238,NULL,'Juan Arango',87),(239,NULL,'Alexander Bieler',87),(240,NULL,'Nico Brandenburger',87),(241,NULL,'Tolga Ci?erci',87),(242,NULL,'Patrick Herrmann',87),(243,NULL,'Julian Korb',87),(244,NULL,'Thorben Marx',87),(245,NULL,'Håvard Nordtveit',87),(246,NULL,'Alexander Ring',87),(247,NULL,'Lukas Rupp',87),(248,NULL,'Granit Xhaka',87),(249,NULL,'Amin Younes',87),(250,NULL,'Luuk de Jong',87),(251,NULL,'Mike Hanke',87),(252,NULL,'Branimir Hrgota',87),(253,NULL,'Peniel Mlapa',87),(254,NULL,'Marek Große',55),(255,NULL,'Marcel Klonz',55),(256,NULL,'Markus Miller',55),(257,NULL,'Samuel Radlinger',55),(258,NULL,'Ron-Robert Zieler',55),(259,NULL,'Steven Cherundolo',55),(260,NULL,'Johan Djourou',55),(261,NULL,'Mario Eggimann',55),(262,NULL,'Felipe',55),(263,NULL,'Karim Haggui',55),(264,NULL,'André Hoffmann',55),(265,NULL,'Jannik Löhden',55),(266,NULL,'Christian Pander',55),(267,NULL,'Sébastien Pocognoli',55),(268,NULL,'Konstantin Rausch',55),(269,NULL,'Hiroki Sakai',55),(270,NULL,'Christian Schulz',55),(271,NULL,'Yannik Schulze',55),(272,NULL,'Leon Andreasen',55),(273,NULL,'Deniz Aycicek',55),(274,NULL,'Sofian Chahed',55),(275,NULL,'Willi Evseev',55),(276,NULL,'França',55),(277,NULL,'Niko Gießelmann',55),(278,NULL,'Szabolcs Huszti',55),(279,NULL,'Adrian Nikçi',55),(280,NULL,'Jannis Pläschke',55),(281,NULL,'Manuel Schmiedebach',55),(282,NULL,'Sascha Schünemann',55),(283,NULL,'Sérgio da Silva Pinto',55),(284,NULL,'Lars Stindl',55),(285,NULL,'Mohammed Abdellaoue',55),(286,NULL,'Mame Diouf',55),(287,NULL,'Ali Gökdemir',55),(288,NULL,'Deniz Kadah',55),(289,NULL,'Jan Schlaudraff',55),(290,NULL,'Artur Sobiech',55),(291,NULL,'Didier Ya Konan',55),(292,NULL,'Oliver Baumann',112),(293,NULL,'Daniel Batz',112),(294,NULL,'Alexander Schwolow',112),(295,NULL,'Pavel Krmas',112),(296,NULL,'Fallou Diagne',112),(297,NULL,'Matthias Ginter',112),(298,NULL,'Immanuel Höhn',112),(299,NULL,'Christian Günter',112),(300,NULL,'Vegar Eggen Hedenstad',112),(301,NULL,'Mensur Mujdza',112),(302,NULL,'Oliver Sorg',112),(303,NULL,'Johannes Flum',112),(304,NULL,'Julian Schuster',112),(305,NULL,'Marc Lais',112),(306,NULL,'Cédric Makiadi',112),(307,NULL,'Karim Guédé',112),(308,NULL,'Jan Rosenthal',112),(309,NULL,'Max Kruse',112),(310,NULL,'Hendrick Zuck',112),(311,NULL,'Ezequiel Calvente',112),(312,NULL,'Daniel Caligiuri',112),(313,NULL,'Jonathan Schmid',112),(314,NULL,'Ivan Santini',112),(315,NULL,'Marco Terrazzino',112),(316,NULL,'Erik Jendrisek',112),(317,NULL,'Mounir Bouziane',112),(318,NULL,'Sebastian Freis',112),(319,NULL,'Mohamed Amsif',95),(320,NULL,'Ioannis Gelios',95),(321,NULL,'Simon Jentzsch',95),(322,NULL,'Alexander Manninger',95),(323,NULL,'Jan-Ingwer Callsen-Bracker',95),(324,NULL,'Ragnar Klavan',95),(325,NULL,'Sebastian Langkamp',95),(326,NULL,'Matthias Ostrzolek',95),(327,NULL,'Michael Parkhurst',95),(328,NULL,'Ronny Philp',95),(329,NULL,'Dominik Reinhardt',95),(330,NULL,'Matthias Strohmaier',95),(331,NULL,'Paul Verhaegh',95),(332,NULL,'Daniel Baier',95),(333,NULL,'Marcel de Jong',95),(334,NULL,'André Hahn',95),(335,NULL,'Ja-Cheol Koo',95),(336,NULL,'Jan Morávek',95),(337,NULL,'Moritz Nebel',95),(338,NULL,'Andreas Ottl',95),(339,NULL,'Milan Petržela',95),(340,NULL,'Pablo Pigl',95),(341,NULL,'Somen Tchoyi',95),(342,NULL,'Marco Thiede',95),(343,NULL,'Kevin Vogt',95),(344,NULL,'Tobias Werner',95),(345,NULL,'Aristide Bancé',95),(346,NULL,'Stephan Hain',95),(347,NULL,'Dong-Won Ji',95),(348,NULL,'Sascha Mölders',95),(349,NULL,'Knowledge Musona',95),(350,NULL,'Torsten Oehrl',95),(351,NULL,'Oka Nikolov',91),(352,NULL,'Aykut Özer',91),(353,NULL,'Kevin Trapp',91),(354,NULL,'Martin Amedick',91),(355,NULL,'Bamba Anderson',91),(356,NULL,'Heiko Butscher',91),(357,NULL,'Stefano Celozzi',91),(358,NULL,'Constant Djakpa',91),(359,NULL,'Julian Dudda',91),(360,NULL,'Alexander Hien',91),(361,NULL,'Sebastian Jung',91),(362,NULL,'Marc-Oliver Kempf',91),(363,NULL,'Bastian Oczipka',91),(364,NULL,'Marco Russ',91),(365,NULL,'Erik Wille',91),(366,NULL,'Carlos Zambrano',91),(367,NULL,'Stefan Aigner',91),(368,NULL,'Takashi Inui',91),(369,NULL,'Sonny Kittel',91),(370,NULL,'Martin Lanig',91),(371,NULL,'Alexander Meier',91),(372,NULL,'Sebastian Rode',91),(373,NULL,'Pirmin Schwegler',91),(374,NULL,'Marc Stendera',91),(375,NULL,'Sr?an Laki?',91),(376,NULL,'Karim Matmour',91),(377,NULL,'Olivier Occéan',91),(378,NULL,'Robert Almer',185),(379,NULL,'Fabian Giefer',185),(380,NULL,'Nikolaos Papadopoulos',185),(381,NULL,'Leon Balogun',185),(382,NULL,'Stelios Malezas',185),(383,NULL,'Juanan',185),(384,NULL,'Jens Langeneke',185),(385,NULL,'Bruno Soares',185),(386,NULL,'Martin Latka',185),(387,NULL,'Cristian Ramírez',185),(388,NULL,'Johannes van den Bergh',185),(389,NULL,'Tobias Levels',185),(390,NULL,'Oliver Fink',185),(391,NULL,'Adam Bodzek',185),(392,NULL,'Ivan Paurevic',185),(393,NULL,'Bastian Müller',185),(394,NULL,'Robert Tesche',185),(395,NULL,'Andreas Lambertz',185),(396,NULL,'Aliosman Aydin',185),(397,NULL,'Ronny Garbuschewski',185),(398,NULL,'Tugrul Erat',185),(399,NULL,'Axel Bellinghausen',185),(400,NULL,'Jules Schwadorf',185),(401,NULL,'Mathis Bolly',185),(402,NULL,'Genki Omae',185),(403,NULL,'Robbie Kruse',185),(404,NULL,'Ken Ilsö',185),(405,NULL,'Andriy Voronin',185),(406,NULL,'Nando Rafael',185),(407,NULL,'Gerrit Wegkamp',185),(408,NULL,'Dani Schahin',185),(409,NULL,'Stefan Reisinger',185),(410,NULL,'Max Nawe',79),(411,NULL,'Patrick Rakovsky',79),(412,NULL,'Raphael Schäfer',79),(413,NULL,'Alexander Stephan',79),(414,NULL,'Benjamin Uphoff',79),(415,NULL,'Timothy Chandler',79),(416,NULL,'Berkay Dabanl?',79),(417,NULL,'Timm Klose',79),(418,NULL,'Noah Korczowski',79),(419,NULL,'Marcos António',79),(420,NULL,'Per Nilsson',79),(421,NULL,'Javier Pinola',79),(422,NULL,'Marvin Plattenhardt',79),(423,NULL,'Niklas Stark',79),(424,NULL,'Hanno Balitsch',79),(425,NULL,'Markus Feulner',79),(426,NULL,'Mike Frantz',79),(427,NULL,'Timo Gebhart',79),(428,NULL,'Adam Hloušek',79),(429,NULL,'Muhammed Ildiz',79),(430,NULL,'Mu Kanazaki',79),(431,NULL,'Hiroshi Kiyotake',79),(432,NULL,'Markus Mendler',79),(433,NULL,'Timmy Simons',79),(434,NULL,'Alexander Esswein',79),(435,NULL,'Róbert Mak',79),(436,NULL,'Roussel Ngankam',79),(437,NULL,'Tomáš Pekhart',79),(438,NULL,'Sebastian Polter',79),(439,NULL,'Loris Karius',81),(440,NULL,'Heinz Müller',81),(441,NULL,'Christian Wetklo',81),(442,NULL,'Stefan Bell',81),(443,NULL,'Niko Bungert',81),(444,NULL,'Júnior Díaz',81),(445,NULL,'Jan Kirchhoff',81),(446,NULL,'Nikol?e Noveski',81),(447,NULL,'Zden?k Posp?ch',81),(448,NULL,'Tobias Schilk',81),(449,NULL,'Bo Svensson',81),(450,NULL,'Radoslav Zabavník',81),(451,NULL,'Julian Baumgartlinger',81),(452,NULL,'Marco Caligiuri',81),(453,NULL,'Andreas Ivanschitz',81),(454,NULL,'Yunus Malli',81),(455,NULL,'Nicolai Müller',81),(456,NULL,'Marcel Risse',81),(457,NULL,'Elkin Soto',81),(458,NULL,'Niki Zimling',81),(459,NULL,'Maxim Choupo-Moting',81),(460,NULL,'Chinedu Ede',81),(461,NULL,'Ivan Klasni?',81),(462,NULL,'Shawn Parker',81),(463,NULL,'Nikita Rukavytsya',81),(464,NULL,'Petar Sliškovi?',81),(465,NULL,'Ádám Szalai',81),(466,NULL,'Max Grün',115),(467,NULL,'Wolfgang Hesl',115),(468,NULL,'Tom Mickel',115),(469,NULL,'Issa Ndoye',115),(470,NULL,'Abdul Rahman Baba',115),(471,NULL,'Michael Hefele',115),(472,NULL,'Thomas Kleine',115),(473,NULL,'Mergim Mavraj',115),(474,NULL,'Bernd Nehrig',115),(475,NULL,'Heinrich Schmidtgal',115),(476,NULL,'Lasse Sobiech',115),(477,NULL,'Matthias Zimmermann',115),(478,NULL,'Stephan Fürstner',115),(479,NULL,'Johannes Geis',115),(480,NULL,'Felix Klaus',115),(481,NULL,'Jung-Bin Park',115),(482,NULL,'Milorad Pekovi?',115),(483,NULL,'Thanos Petsos',115),(484,NULL,'Thomas Pledl',115),(485,NULL,'Edgar Prib',115),(486,NULL,'Sercan Sararer',115),(487,NULL,'Zoltán Stieber',115),(488,NULL,'Florian Trinks',115),(489,NULL,'Sebastian Tyra?a',115),(490,NULL,'József Varga',115),(491,NULL,'Robert Zillner',115),(492,NULL,'Gerald Asamoah',115),(493,NULL,'Ilir Azemi',115),(494,NULL,'Nikola Djurdjic',115),(495,NULL,'Djiby Fall',115),(496,NULL,'Stefan Lex',115),(497,NULL,'Christopher Nöthe',115),(498,NULL,'Franck Ohandza',115),(499,NULL,'Kingsley Onuegbu',115),(500,NULL,'Koen Casteels',123),(501,NULL,'Gomes',123),(502,NULL,'Jens Grahl',123),(503,NULL,'Tim Wiese',123),(504,NULL,'David Abraham',123),(505,NULL,'Andreas Beck',123),(506,NULL,'Chris',123),(507,NULL,'Matthieu Delpierre',123),(508,NULL,'Matthias Jaissle',123),(509,NULL,'Pelle Jensen',123),(510,NULL,'Fabian Johnson',123),(511,NULL,'Patrick Ochs',123),(512,NULL,'Stefan Thesker',123),(513,NULL,'Jannik Vestergaard',123),(514,NULL,'Daniel Williams',123),(515,NULL,'Afriyie Acquah',123),(516,NULL,'Luis Advíncula',123),(517,NULL,'Vincenzo Grifo',123),(518,NULL,'Filip Malbaši?',123),(519,NULL,'Eugen Polanski',123),(520,NULL,'Roberto Firmino',123),(521,NULL,'Sebastian Rudy',123),(522,NULL,'Sejad Salihovi?',123),(523,NULL,'Ahmed Sassi',123),(524,NULL,'Stephan Schröck',123),(525,NULL,'Takashi Usami',123),(526,NULL,'Boris Vuk?evi?',123),(527,NULL,'Tobias Weis',123),(528,NULL,'Sandro Wieser',123),(529,NULL,'Igor de Camargo',123),(530,NULL,'Eren Derdiyok',123),(531,NULL,'Michael Gregoritsch',123),(532,NULL,'Joselu',123),(533,NULL,'Sven Schipplock',123),(534,NULL,'Kevin Volland',123);
/*!40000 ALTER TABLE `player` ENABLE KEYS */;
UNLOCK TABLES;

--
-- Table structure for table `result`
--

DROP TABLE IF EXISTS `result`;
/*!40101 SET @saved_cs_client     = @@character_set_client */;
/*!40101 SET character_set_client = utf8 */;
CREATE TABLE `result` (
  `id` int(11) NOT NULL AUTO_INCREMENT,
  `matchID` int(11) NOT NULL,
  `pointsHome` int(11) DEFAULT NULL,
  `pointsGuest` int(11) DEFAULT NULL,
  `resultName` varchar(50) DEFAULT NULL,
  PRIMARY KEY (`id`),
  KEY `matchID` (`matchID`),
  CONSTRAINT `result_ibfk_1` FOREIGN KEY (`matchID`) REFERENCES `matches` (`id`)
) ENGINE=InnoDB AUTO_INCREMENT=1300 DEFAULT CHARSET=latin1;
/*!40101 SET character_set_client = @saved_cs_client */;

--
-- Dumping data for table `result`
--

LOCK TABLES `result` WRITE;
/*!40000 ALTER TABLE `result` DISABLE KEYS */;
INSERT INTO `result` VALUES (886,19702,2,1,'Endergebnis'),(887,19702,1,0,'Halbzeit'),(888,19703,2,1,'Endergebnis'),(889,19703,1,0,'Halbzeit'),(890,19704,0,1,'Endergebnis'),(891,19704,0,0,'Halbzeit'),(892,19705,2,2,'Endergebnis'),(893,19705,1,0,'Halbzeit'),(894,19706,1,1,'Endergebnis'),(895,19706,0,0,'Halbzeit'),(896,19707,0,2,'Endergebnis'),(897,19707,0,0,'Halbzeit'),(898,19708,0,1,'Endergebnis'),(899,19708,0,0,'Halbzeit'),(900,19709,0,3,'Endergebnis'),(901,19709,0,1,'Halbzeit'),(902,19710,2,1,'Endergebnis'),(903,19710,0,1,'Halbzeit'),(904,19711,6,1,'Endergebnis'),(905,19711,3,1,'Halbzeit'),(906,19712,3,1,'Endergebnis'),(907,19712,1,0,'Halbzeit'),(908,19713,2,0,'Endergebnis'),(909,19713,1,0,'Halbzeit'),(910,19714,0,4,'Endergebnis'),(911,19714,0,2,'Halbzeit'),(912,19715,2,0,'Endergebnis'),(913,19715,0,0,'Halbzeit'),(914,19716,1,1,'Endergebnis'),(915,19716,1,1,'Halbzeit'),(916,19717,0,4,'Endergebnis'),(917,19717,0,2,'Halbzeit'),(918,19718,0,1,'Endergebnis'),(919,19718,0,0,'Halbzeit'),(920,19719,0,0,'Endergebnis'),(921,19719,0,0,'Halbzeit'),(922,19720,3,0,'Endergebnis'),(923,19720,2,0,'Halbzeit'),(924,19721,3,1,'Endergebnis'),(925,19721,2,0,'Halbzeit'),(926,19722,2,3,'Endergebnis'),(927,19722,1,2,'Halbzeit'),(928,19723,0,0,'Endergebnis'),(929,19723,0,0,'Halbzeit'),(930,19724,3,2,'Endergebnis'),(931,19724,2,1,'Halbzeit'),(932,19725,5,3,'Endergebnis'),(933,19725,2,1,'Halbzeit'),(934,19726,0,0,'Endergebnis'),(935,19726,0,0,'Halbzeit'),(936,19727,0,2,'Endergebnis'),(937,19727,0,0,'Halbzeit'),(938,19728,3,2,'Endergebnis'),(939,19728,2,1,'Halbzeit'),(940,19729,0,2,'Endergebnis'),(941,19729,0,0,'Halbzeit'),(942,19730,1,1,'Endergebnis'),(943,19730,1,1,'Halbzeit'),(944,19731,1,1,'Endergebnis'),(945,19731,1,1,'Halbzeit'),(946,19732,2,2,'Endergebnis'),(947,19732,2,0,'Halbzeit'),(948,19733,1,2,'Endergebnis'),(949,19733,0,1,'Halbzeit'),(950,19734,3,1,'Endergebnis'),(951,19734,1,1,'Halbzeit'),(952,19735,2,0,'Endergebnis'),(953,19735,2,0,'Halbzeit'),(954,19736,3,2,'Endergebnis'),(955,19736,1,0,'Halbzeit'),(956,19737,0,0,'Endergebnis'),(957,19737,0,0,'Halbzeit'),(958,19738,3,0,'Endergebnis'),(959,19738,1,0,'Halbzeit'),(960,19739,3,0,'Endergebnis'),(961,19739,1,0,'Halbzeit'),(962,19740,2,2,'Endergebnis'),(963,19740,1,2,'Halbzeit'),(964,19741,0,3,'Endergebnis'),(965,19741,0,1,'Halbzeit'),(966,19742,4,1,'Endergebnis'),(967,19742,2,0,'Halbzeit'),(968,19743,1,2,'Endergebnis'),(969,19743,1,0,'Halbzeit'),(970,19744,1,3,'Endergebnis'),(971,19744,0,3,'Halbzeit'),(972,19745,0,2,'Endergebnis'),(973,19745,0,2,'Halbzeit'),(974,19746,3,3,'Endergebnis'),(975,19746,0,2,'Halbzeit'),(976,19748,5,0,'Endergebnis'),(977,19748,2,0,'Halbzeit'),(978,19749,2,0,'Endergebnis'),(979,19749,0,0,'Halbzeit'),(980,19750,0,2,'Endergebnis'),(981,19750,0,2,'Halbzeit'),(982,19751,0,2,'Endergebnis'),(983,19751,0,0,'Halbzeit'),(984,19752,0,2,'Endergebnis'),(985,19752,0,1,'Halbzeit'),(986,19753,0,0,'Endergebnis'),(987,19753,0,0,'Halbzeit'),(988,19754,1,0,'Endergebnis'),(989,19754,1,0,'Halbzeit'),(990,19755,2,1,'Endergebnis'),(991,19755,0,0,'Halbzeit'),(992,19756,2,2,'Endergebnis'),(993,19756,0,2,'Halbzeit'),(994,19757,2,0,'Endergebnis'),(995,19757,1,0,'Halbzeit'),(996,19758,3,0,'Endergebnis'),(997,19758,1,0,'Halbzeit'),(998,19759,2,0,'Endergebnis'),(999,19759,2,0,'Halbzeit'),(1000,19760,2,2,'Endergebnis'),(1001,19760,1,1,'Halbzeit'),(1002,19761,1,1,'Endergebnis'),(1003,19761,0,1,'Halbzeit'),(1004,19762,3,0,'Endergebnis'),(1005,19762,1,0,'Halbzeit'),(1006,19763,1,0,'Endergebnis'),(1007,19763,0,0,'Halbzeit'),(1008,19764,3,1,'Endergebnis'),(1009,19764,2,1,'Halbzeit'),(1010,19765,0,1,'Endergebnis'),(1011,19765,0,1,'Halbzeit'),(1012,19766,1,2,'Endergebnis'),(1013,19766,0,1,'Halbzeit'),(1014,19767,2,2,'Endergebnis'),(1015,19767,1,0,'Halbzeit'),(1016,19768,0,2,'Endergebnis'),(1017,19768,0,1,'Halbzeit'),(1018,19769,4,0,'Endergebnis'),(1019,19769,2,0,'Halbzeit'),(1020,19770,0,0,'Endergebnis'),(1021,19770,0,0,'Halbzeit'),(1022,19771,3,3,'Endergebnis'),(1023,19771,1,1,'Halbzeit'),(1024,19772,0,1,'Endergebnis'),(1025,19772,0,1,'Halbzeit'),(1026,19773,3,1,'Endergebnis'),(1027,19773,2,1,'Halbzeit'),(1028,19774,0,5,'Endergebnis'),(1029,19774,0,2,'Halbzeit'),(1030,19775,1,2,'Endergebnis'),(1031,19775,0,1,'Halbzeit'),(1032,19776,1,0,'Endergebnis'),(1033,19776,0,0,'Halbzeit'),(1034,19777,2,1,'Endergebnis'),(1035,19777,1,0,'Halbzeit'),(1036,19778,2,3,'Endergebnis'),(1037,19778,0,0,'Halbzeit'),(1038,19779,0,2,'Endergebnis'),(1039,19779,0,0,'Halbzeit'),(1040,19780,3,0,'Endergebnis'),(1041,19780,1,0,'Halbzeit'),(1042,19782,1,1,'Endergebnis'),(1043,19782,1,1,'Halbzeit'),(1044,19783,1,4,'Endergebnis'),(1045,19783,0,0,'Halbzeit'),(1046,19784,0,0,'Endergebnis'),(1047,19784,0,0,'Halbzeit'),(1048,19785,1,1,'Endergebnis'),(1049,19785,0,0,'Halbzeit'),(1050,19786,3,2,'Endergebnis'),(1051,19786,2,1,'Halbzeit'),(1052,19787,2,0,'Endergebnis'),(1053,19787,1,0,'Halbzeit'),(1054,19788,2,1,'Endergebnis'),(1055,19788,1,0,'Halbzeit'),(1056,19789,1,0,'Endergebnis'),(1057,19789,0,0,'Halbzeit'),(1058,19790,3,2,'Endergebnis'),(1059,19790,1,1,'Halbzeit'),(1060,19791,0,3,'Endergebnis'),(1061,19791,0,1,'Halbzeit'),(1062,19792,1,1,'Endergebnis'),(1063,19792,1,0,'Halbzeit'),(1064,19793,2,0,'Endergebnis'),(1065,19793,1,0,'Halbzeit'),(1066,19794,2,1,'Endergebnis'),(1067,19794,0,1,'Halbzeit'),(1068,19795,2,4,'Endergebnis'),(1069,19795,2,0,'Halbzeit'),(1070,19796,3,1,'Endergebnis'),(1071,19796,3,0,'Halbzeit'),(1072,19797,0,0,'Endergebnis'),(1073,19797,0,0,'Halbzeit'),(1074,19798,2,1,'Endergebnis'),(1075,19798,2,1,'Halbzeit'),(1076,19799,1,3,'Endergebnis'),(1077,19799,0,1,'Halbzeit'),(1078,19800,2,4,'Endergebnis'),(1079,19800,2,1,'Halbzeit'),(1080,19801,1,1,'Endergebnis'),(1081,19801,1,1,'Halbzeit'),(1082,19802,3,1,'Endergebnis'),(1083,19802,3,1,'Halbzeit'),(1084,19803,1,2,'Endergebnis'),(1085,19803,1,1,'Halbzeit'),(1086,19804,2,0,'Endergebnis'),(1087,19804,1,0,'Halbzeit'),(1088,19805,1,2,'Endergebnis'),(1089,19805,1,1,'Halbzeit'),(1090,19806,2,1,'Endergebnis'),(1091,19806,0,1,'Halbzeit'),(1092,19807,1,1,'Endergebnis'),(1093,19807,0,1,'Halbzeit'),(1094,19808,1,3,'Endergebnis'),(1095,19808,0,2,'Halbzeit'),(1096,19809,1,0,'Endergebnis'),(1097,19809,0,0,'Halbzeit'),(1098,19810,4,2,'Endergebnis'),(1099,19810,2,1,'Halbzeit'),(1100,19811,5,0,'Endergebnis'),(1101,19811,0,0,'Halbzeit'),(1102,19812,1,1,'Endergebnis'),(1103,19812,0,0,'Halbzeit'),(1104,19813,1,1,'Endergebnis'),(1105,19813,0,0,'Halbzeit'),(1106,19814,1,2,'Endergebnis'),(1107,19814,0,2,'Halbzeit'),(1108,19815,3,0,'Endergebnis'),(1109,19815,0,0,'Halbzeit'),(1110,19816,1,2,'Endergebnis'),(1111,19816,0,0,'Halbzeit'),(1112,19817,1,1,'Endergebnis'),(1113,19817,1,0,'Halbzeit'),(1114,19818,0,0,'Endergebnis'),(1115,19818,0,0,'Halbzeit'),(1116,19819,2,0,'Endergebnis'),(1117,19819,0,0,'Halbzeit'),(1118,19820,1,1,'Endergebnis'),(1119,19820,1,0,'Halbzeit'),(1120,19821,2,0,'Endergebnis'),(1121,19821,2,0,'Halbzeit'),(1122,19822,2,1,'Endergebnis'),(1123,19822,1,1,'Halbzeit'),(1124,19823,2,0,'Endergebnis'),(1125,19823,1,0,'Halbzeit'),(1126,19824,1,4,'Endergebnis'),(1127,19824,0,1,'Halbzeit'),(1128,19825,4,2,'Endergebnis'),(1129,19825,1,0,'Halbzeit'),(1130,19826,0,2,'Endergebnis'),(1131,19826,0,1,'Halbzeit'),(1132,19827,3,1,'Endergebnis'),(1133,19827,0,0,'Halbzeit'),(1134,19828,1,3,'Endergebnis'),(1135,19828,0,2,'Halbzeit'),(1136,19829,1,1,'Endergebnis'),(1137,19829,0,0,'Halbzeit'),(1138,19830,1,1,'Endergebnis'),(1139,19830,0,0,'Halbzeit'),(1140,19831,1,1,'Endergebnis'),(1141,19831,0,1,'Halbzeit'),(1142,19832,1,4,'Endergebnis'),(1143,19832,0,2,'Halbzeit'),(1144,19833,2,1,'Endergebnis'),(1145,19833,1,1,'Halbzeit'),(1146,19834,1,1,'Endergebnis'),(1147,19834,1,1,'Halbzeit'),(1148,19835,0,1,'Endergebnis'),(1149,19835,0,1,'Halbzeit'),(1150,19836,4,0,'Endergebnis'),(1151,19836,2,0,'Halbzeit'),(1152,19837,1,0,'Endergebnis'),(1153,19837,1,0,'Halbzeit'),(1154,19839,2,0,'Endergebnis'),(1155,19839,0,0,'Halbzeit'),(1156,19840,3,1,'Endergebnis'),(1157,19840,2,1,'Halbzeit'),(1158,19841,2,3,'Endergebnis'),(1159,19841,1,2,'Halbzeit'),(1160,19842,3,2,'Endergebnis'),(1161,19842,1,1,'Halbzeit'),(1162,19843,2,0,'Endergebnis'),(1163,19843,1,0,'Halbzeit'),(1164,19844,1,0,'Endergebnis'),(1165,19844,1,0,'Halbzeit'),(1166,19845,0,2,'Endergebnis'),(1167,19845,0,1,'Halbzeit'),(1168,19846,2,0,'Endergebnis'),(1169,19846,1,0,'Halbzeit'),(1170,19847,1,1,'Endergebnis'),(1171,19847,0,1,'Halbzeit'),(1172,19848,1,3,'Endergebnis'),(1173,19848,1,2,'Halbzeit'),(1174,19849,3,0,'Endergebnis'),(1175,19849,2,0,'Halbzeit'),(1176,19850,0,2,'Endergebnis'),(1177,19850,0,2,'Halbzeit'),(1178,19851,1,1,'Endergebnis'),(1179,19851,0,0,'Halbzeit'),(1180,19852,1,3,'Endergebnis'),(1181,19852,1,1,'Halbzeit'),(1182,19853,3,1,'Endergebnis'),(1183,19853,0,0,'Halbzeit'),(1184,19854,1,1,'Endergebnis'),(1185,19854,0,1,'Halbzeit'),(1186,19855,2,1,'Endergebnis'),(1187,19855,1,0,'Halbzeit'),(1188,19856,0,5,'Endergebnis'),(1189,19856,0,2,'Halbzeit'),(1190,19857,3,1,'Endergebnis'),(1191,19857,2,0,'Halbzeit'),(1192,19858,0,0,'Endergebnis'),(1193,19858,0,0,'Halbzeit'),(1194,19859,2,0,'Endergebnis'),(1195,19859,0,0,'Halbzeit'),(1196,19860,5,4,'Endergebnis'),(1197,19860,1,0,'Halbzeit'),(1198,19861,0,0,'Endergebnis'),(1199,19861,0,0,'Halbzeit'),(1200,19862,2,3,'Endergebnis'),(1201,19862,0,2,'Halbzeit'),(1202,19863,1,1,'Endergebnis'),(1203,19863,0,0,'Halbzeit'),(1204,19864,2,0,'Endergebnis'),(1205,19864,1,0,'Halbzeit'),(1206,19865,0,3,'Endergebnis'),(1207,19865,0,0,'Halbzeit'),(1208,19866,0,2,'Endergebnis'),(1209,19866,0,0,'Halbzeit'),(1210,19867,2,1,'Endergebnis'),(1211,19867,2,0,'Halbzeit'),(1212,19868,0,0,'Endergebnis'),(1213,19868,0,0,'Halbzeit'),(1214,19869,0,0,'Endergebnis'),(1215,19869,0,0,'Halbzeit'),(1216,19870,2,1,'Endergebnis'),(1217,19870,2,0,'Halbzeit'),(1218,19871,3,2,'Endergebnis'),(1219,19871,1,1,'Halbzeit'),(1220,19872,3,0,'Endergebnis'),(1221,19872,2,0,'Halbzeit'),(1222,19873,2,1,'Endergebnis'),(1223,19873,1,0,'Halbzeit'),(1224,19874,1,1,'Endergebnis'),(1225,19874,1,1,'Halbzeit'),(1226,19875,1,2,'Endergebnis'),(1227,19875,0,0,'Halbzeit'),(1228,19876,2,3,'Endergebnis'),(1229,19876,0,2,'Halbzeit'),(1230,19877,0,2,'Endergebnis'),(1231,19877,0,2,'Halbzeit'),(1232,19878,0,3,'Endergebnis'),(1233,19878,0,1,'Halbzeit'),(1234,19879,2,1,'Endergebnis'),(1235,19879,2,0,'Halbzeit'),(1236,19880,3,1,'Endergebnis'),(1237,19880,2,0,'Halbzeit'),(1238,19881,2,0,'Endergebnis'),(1239,19881,0,0,'Halbzeit'),(1240,19882,2,1,'Endergebnis'),(1241,19882,2,1,'Halbzeit'),(1242,19883,1,0,'Endergebnis'),(1243,19883,1,0,'Halbzeit'),(1244,19884,1,1,'Endergebnis'),(1245,19884,0,1,'Halbzeit'),(1246,19885,1,4,'Endergebnis'),(1247,19885,1,2,'Halbzeit'),(1248,19886,4,0,'Endergebnis'),(1249,19886,2,0,'Halbzeit'),(1250,19887,1,0,'Endergebnis'),(1251,19887,0,0,'Halbzeit'),(1252,19888,3,3,'Endergebnis'),(1253,19888,1,0,'Halbzeit'),(1254,19889,0,1,'Endergebnis'),(1255,19889,0,1,'Halbzeit'),(1256,19890,1,4,'Endergebnis'),(1257,19890,0,1,'Halbzeit'),(1258,19891,0,0,'Endergebnis'),(1259,19891,0,0,'Halbzeit'),(1260,19892,2,2,'Endergebnis'),(1261,19892,0,1,'Halbzeit'),(1262,19893,2,3,'Endergebnis'),(1263,19893,1,1,'Halbzeit'),(1264,19894,2,1,'Endergebnis'),(1265,19894,1,0,'Halbzeit'),(1266,19895,1,0,'Endergebnis'),(1267,19895,1,0,'Halbzeit'),(1268,19896,0,2,'Endergebnis'),(1269,19896,0,1,'Halbzeit'),(1270,19897,3,0,'Endergebnis'),(1271,19897,2,0,'Halbzeit'),(1272,19898,2,2,'Endergebnis'),(1273,19898,1,1,'Halbzeit'),(1274,19899,1,0,'Endergebnis'),(1275,19899,1,0,'Halbzeit'),(1276,19900,0,1,'Endergebnis'),(1277,19900,0,1,'Halbzeit'),(1278,19901,6,1,'Endergebnis'),(1279,19901,2,0,'Halbzeit'),(1280,19902,1,1,'Endergebnis'),(1281,19902,0,0,'Halbzeit'),(1282,19903,2,1,'Endergebnis'),(1283,19903,1,0,'Halbzeit'),(1284,19904,5,1,'Endergebnis'),(1285,19904,3,1,'Halbzeit'),(1286,19905,0,0,'Endergebnis'),(1287,19905,0,0,'Halbzeit'),(1288,19906,1,1,'Endergebnis'),(1289,19906,0,1,'Halbzeit'),(1290,19907,2,1,'Endergebnis'),(1291,19907,1,0,'Halbzeit'),(1292,19908,0,0,'Endergebnis'),(1293,19908,0,0,'Halbzeit'),(1294,19909,1,1,'Endergebnis'),(1295,19909,1,1,'Halbzeit'),(1296,20412,4,1,'Endergebnis'),(1297,20412,0,0,'Halbzeit'),(1298,20413,0,2,'Endergebnis'),(1299,20413,0,0,'Halbzeit');
/*!40000 ALTER TABLE `result` ENABLE KEYS */;
UNLOCK TABLES;

--
-- Table structure for table `team`
--

DROP TABLE IF EXISTS `team`;
/*!40101 SET @saved_cs_client     = @@character_set_client */;
/*!40101 SET character_set_client = utf8 */;
CREATE TABLE `team` (
  `id` int(11) NOT NULL,
  `teamName` varchar(60) DEFAULT NULL,
  `teamIconURL` varchar(150) DEFAULT NULL,
  `stadion` varchar(100) DEFAULT NULL,
  PRIMARY KEY (`id`)
) ENGINE=InnoDB DEFAULT CHARSET=latin1;
/*!40101 SET character_set_client = @saved_cs_client */;

--
-- Dumping data for table `team`
--

LOCK TABLES `team` WRITE;
/*!40000 ALTER TABLE `team` DISABLE KEYS */;
INSERT INTO `team` VALUES (6,'Bayer 04 Leverkusen','http://www.openligadb.de/images/teamicons/Bayer_Leverkusen.gif','BayArena'),(7,'Borussia Dortmund','http://www.openligadb.de/images/teamicons/Borussia_Dortmund.gif','Westfalenstadion'),(9,'FC Schalke 04','http://www.openligadb.de/images/teamicons/FC_Schalke_04.gif','Veltins-Arena'),(16,'VfB Stuttgart','http://www.openligadb.de/images/teamicons/VfB_Stuttgart.gif','Mercedes-Benz Arena'),(40,'Bayern München','http://www.openligadb.de/images/teamicons/Bayern_Muenchen.gif','Allianz Arena'),(55,'Hannover 96','http://www.openligadb.de/images/teamicons/Hannover_96.gif','AWD-Arena'),(79,'1. FC Nürnberg','http://www.openligadb.de/images/teamicons/1_FC_Nuernberg.gif','Grundig Stadion'),(81,'1. FSV Mainz 05','http://www.openligadb.de/images/teamicons/1_FSV_Mainz_05.gif','Bruchwegstadion'),(87,'Borussia Mönchengladbach','http://www.openligadb.de/images/teamicons/Bor_Moenchengladbach.gif','Borussia-Park'),(91,'Eintracht Frankfurt','http://www.openligadb.de/images/teamicons/Eintracht_Frankfurt.gif','Commerzbank-Arena'),(95,'FC Augsburg','http://www.openligadb.de/images/teamicons/FC_Augsburg.gif','SGL Arena'),(100,'Hamburger SV','http://www.openligadb.de/images/teamicons/Hamburger_SV.gif','Imtech Arena'),(112,'SC Freiburg','http://www.openligadb.de/images/teamicons/SC_Freiburg.gif','Mage Solar Stadion'),(115,'SpVgg Greuther Fuerth','http://www.openligadb.de/images/teamicons/SpVgg_Greuther_Fuerth.gif','Trolli Arena'),(123,'TSG 1899 Hoffenheim','http://www.openligadb.de/images/teamicons/TSG_Hoffenheim.gif','Rhein-Neckar Arena'),(131,'VfL Wolfsburg','http://www.openligadb.de/images/teamicons/VfL_Wolfsburg.gif','Volkswagen Arena'),(134,'Werder Bremen','http://www.openligadb.de/images/teamicons/werder_bremen.gif','Weserstadion'),(185,'Fortuna Düsseldorf','http://www.openligadb.de/images/teamicons/20x20_fortuna-duesseldorf.png','ESPRIT Arena');
/*!40000 ALTER TABLE `team` ENABLE KEYS */;
UNLOCK TABLES;
/*!40103 SET TIME_ZONE=@OLD_TIME_ZONE */;

/*!40101 SET SQL_MODE=@OLD_SQL_MODE */;
/*!40014 SET FOREIGN_KEY_CHECKS=@OLD_FOREIGN_KEY_CHECKS */;
/*!40014 SET UNIQUE_CHECKS=@OLD_UNIQUE_CHECKS */;
/*!40101 SET CHARACTER_SET_CLIENT=@OLD_CHARACTER_SET_CLIENT */;
/*!40101 SET CHARACTER_SET_RESULTS=@OLD_CHARACTER_SET_RESULTS */;
/*!40101 SET COLLATION_CONNECTION=@OLD_COLLATION_CONNECTION */;
/*!40111 SET SQL_NOTES=@OLD_SQL_NOTES */;

-- Dump completed on 2013-06-01 10:32:59
